Counts-498,Counts-500,Counts-502,Counts-504
936,1337,1400,1575
908,1298,1347,1561
961,1270,1314,1761
871,1410,1225,1614
914,1498,1354,1698
809,1403,1156,1779
797,1383,1111,1628
731,1616,1075,1722
667,1360,1002,1722
597,1491,937,1643
652,1420,1019,1712
654,1458,1020,1606
589,1368,902,1656
615,1348,1003,1352
628,1473,964,1514
460,1438,909,1438
405,1259,895,1498
570,1343,1049,1395
548,1216,829,1437
518,1273,873,1435
525,1178,917,1422
510,1248,901,1266
489,1344,868,1280
466,1136,907,1183
541,1109,758,1241
527,1085,873,1207
523,1144,879,1222
477,1073,842,1064
516,932,911,1079
445,865,761,938
518,878,895,958
492,823,740,896
628,785,765,943
446,763,802,928
588,659,851,846
464,601,792,683
709,669,895,777
589,602,912,890
663,566,902,706
595,619,845,669
730,526,1029,725
759,511,948,687
624,698,994,778
775,468,1119,770
714,564,1032,607
823,541,1169,615
814,558,1269,663
1016,432,1132,711
965,573,1242,750
1105,513,1633,688
960,542,1420,714
1319,476,1540,708
1215,555,1694,616
1241,539,1572,727
1521,596,1665,726
1443,520,1955,782
1567,469,1804,667
1681,701,1908,709
1942,634,1971,824
1973,659,2265,682
2155,627,2346,727
2286,571,2465,812
2343,612,2624,742
2424,722,2695,769
2501,717,2771,885
2720,694,2832,878
2887,616,3243,795
3162,789,3181,788
3023,748,3182,878
3232,695,3460,927
3204,598,3405,929
3359,744,3553,832
3256,638,3405,923
3294,659,3844,827
3328,734,3445,904
3341,709,3571,950
3252,716,3350,788
3361,765,3301,807
3385,711,3422,871
3216,695,3305,912
3051,680,3082,864
2905,729,3058,772
2684,670,3148,706
2788,705,2887,763
2760,747,2777,959
2576,597,2852,768
2597,596,2701,793
2491,607,2591,664
2521,676,2324,813
2081,661,2664,759
2369,658,2390,803
2057,706,2459,706
2017,648,2117,828
1852,659,2058,792
1917,613,1810,789
1833,727,1886,931
1708,729,1944,979
1693,744,1837,836
1705,693,1653,979
1487,740,1606,878
1593,891,1577,995
1371,686,1570,897
1223,846,1535,1032
1327,754,1342,940
1180,886,1486,1068
1310,791,1254,1023
1166,863,1270,1053
1053,857,1153,905
1089,915,1193,985
970,882,1085,919
1081,891,1141,916
967,892,990,967
902,844,1046,1090
780,911,952,914
961,784,1143,947
855,681,1024,966
790,839,1068,925
723,839,988,928
737,819,1112,836
759,687,989,897
787,780,970,967
799,767,1071,895
772,737,867,766
774,786,841,836
838,685,870,867
814,704,1073,742
793,755,1155,716
934,669,1174,757
918,702,1083,816
1071,571,1191,760
1058,719,1374,766
1133,600,1347,691
1139,747,1403,752
1283,598,1730,763
1337,647,1662,846
1387,668,1990,705
1484,704,2000,852
1652,708,2231,863
1825,634,2280,805
1906,618,2236,887
2112,833,2323,693
2204,709,2696,956
2124,777,2368,740
2084,740,2356,861
2184,705,2608,750
2227,679,2618,877
2527,784,2497,722
2369,755,2735,880
2267,696,2603,833
2436,754,2654,772
2276,605,2472,776
2428,700,2597,749
2281,606,2329,936
2165,684,2311,775
2276,733,2240,729
2126,673,2165,761
2052,734,2052,766
2169,639,2082,671
1859,683,1928,624
1713,715,1835,722
1523,571,1691,675
1549,557,1526,640
1551,607,1536,627
1666,538,1632,617
1351,491,1481,542
1381,463,1432,583
1404,534,1168,649
1028,484,1226,510
1104,456,1190,542
1062,397,1093,613
875,454,1032,490
812,532,968,553
808,502,819,540
650,461,863,505
582,461,1052,521
658,457,730,584
708,428,959,507
615,418,729,507
658,366,700,523
577,410,671,571
553,372,776,568
624,429,638,500
544,426,647,573
581,419,661,415
597,452,784,571
583,514,717,444
505,419,690,607
542,490,564,563
523,513,720,557
497,500,668,450
434,487,735,520
434,411,632,490
504,415,693,620
457,536,643,549
475,489,650,617
481,641,587,578
526,485,678,557
455,450,644,488
435,399,555,573
519,490,631,641
475,394,569,484
374,492,650,565
480,485,681,617
521,551,623,664
508,487,617,580
493,516,577,657
517,490,689,666
494,560,768,666
574,531,645,556
525,583,813,594
492,524,635,639
505,535,557,574
435,546,573,622
501,536,708,526
530,518,867,531
587,543,544,500
539,506,683,555
519,459,664,531
463,494,718,466
551,476,712,661
581,540,720,561
633,453,785,573
556,395,715,568
552,605,843,622
509,601,907,639
626,544,800,666
582,626,858,750
584,669,836,803
677,615,894,832
756,658,1064,839
862,719,1142,1012
852,739,1062,1039
1027,802,1087,1057
815,932,1235,943
1071,1029,1252,1209
1100,918,1313,1200
1230,920,1448,1150
1125,1030,1306,1234
1289,1067,1555,1185
1447,999,1359,1245
1504,1141,1732,1138
1518,1032,1791,1234
1510,1152,1863,1426
1624,1054,1682,1269
1577,1248,1976,1278
1475,1209,1663,1211
1511,1185,1742,1307
1496,1157,1826,1191
1624,1119,1898,1163
1670,1114,2057,1225
1664,1017,1664,1071
1576,1035,1780,1181
1574,1002,1870,920
1569,1079,1721,1109
1663,1080,1796,1134
1493,956,1662,1146
1342,1032,1639,1168
1420,838,1657,1085
1271,857,1537,1147
1302,805,1457,1035
1150,789,1331,982
1195,720,1273,944
1162,801,1436,875
933,925,1324,836
1032,783,1095,866
770,802,1163,965
770,667,1114,895
721,616,973,926
662,608,997,999
750,830,961,951
824,879,1044,892
786,685,1090,903
639,844,922,975
814,756,979,941
657,733,927,861
722,768,996,934
741,813,1104,892
741,816,1044,998
576,866,928,899
824,869,897,1003
779,938,1032,893
837,871,1115,1121
768,892,1079,1172
783,935,1082,1076
723,872,1054,1050
903,770,1142,917
906,965,1145,1032
889,914,1056,1101
840,1018,1101,1096
916,972,1177,1131
1029,963,1229,1042
944,1012,1241,1146
895,1000,1329,1192
1003,1018,1402,1133
1042,987,1454,1118
1243,1013,1484,1044
1339,1071,1672,1153
1603,1122,1736,1163
1616,1160,2009,1087
1747,1130,2231,1251
1980,1060,2338,1269
2224,1184,2422,1237
2160,1227,2713,1254
2402,1290,3012,1286
2824,1176,3169,1472
3022,1333,3519,1345
3025,1426,3819,1356
3386,1182,4131,1500
4227,1467,4406,1412
4268,1275,4659,1458
4414,1431,4743,1495
4569,1327,5480,1714
4736,1339,5535,1449
5161,1287,6351,1742
5430,1264,6358,1670
5205,1534,6347,1769
5982,1427,6387,1626
5887,1591,6210,1589
5737,1282,6597,1582
6000,1400,6468,1472
6350,1348,6078,1310
5788,1204,6333,1360
6000,1236,5804,1427
5701,1136,5883,1409
5450,1164,5527,1307
5094,1122,5291,1138
4815,1097,4787,1234
4705,1172,4884,1088
4723,1124,4706,1037
4294,871,4488,1131
4115,1027,4346,1164
3761,1002,3776,1044
3912,928,3502,1001
3329,1018,3214,963
2887,836,3167,946
2971,880,3164,972
2591,800,2677,941
2467,785,2477,1049
2101,797,2269,990
1817,697,2257,995
1873,734,2008,1018
1759,580,1704,845
1524,618,1849,866
1454,741,1663,882
1399,840,1742,804
1224,612,1762,909
1276,750,1799,867
1174,568,1664,989
1414,695,1814,972
1261,756,1967,925
1381,636,2063,866
1290,734,2411,979
1520,754,2369,945
1810,856,2264,954
1787,813,2402,1050
1957,768,2977,1044
2180,782,2706,962
2223,813,2936,1025
2307,890,3075,1161
2450,947,3209,1001
2628,809,3576,1042
2958,976,3181,986
2915,836,3674,1033
2920,1034,3513,1156
3397,994,3782,1007
3239,901,3965,1062
3472,922,3951,1093
3797,1018,4281,1185
4040,932,4164,1115
3876,986,4685,1116
3800,943,3895,1074
4006,944,4086,1068
3788,850,4199,1097
3913,849,4059,1153
3763,946,3831,1094
3677,1033,3935,1169
3465,956,3869,1022
3506,940,3689,1135
3494,959,3664,1092
3246,873,3590,1006
2901,865,3340,1051
3013,1002,3097,1139
2635,723,3036,1010
2709,933,2841,1017
2462,942,2870,1062
2397,949,2761,1237
2450,1060,2578,1143
2459,1256,2259,1534
2080,1363,1914,1728
2088,1680,2079,2256
1849,2209,1920,2505
1837,2273,2140,2904
1939,2843,1887,3560
1537,3201,2131,4241
1676,3908,1782,4947
1815,4501,1935,5364
1803,5162,2076,6253
1745,6169,2128,6751
1866,6600,1920,7630
1846,7092,2253,8470
1675,7749,2019,8532
1955,7727,2019,8699
2023,8929,2146,9224
1906,8895,2283,9614
1875,9713,1952,9620
2037,10202,2023,10141
1940,10601,1996,9638
2004,10511,2348,10181
1891,10194,1944,10170
1903,10173,2029,10235
1862,10367,1836,10312
1976,10917,1923,10290
1785,10597,2013,10610
1676,10145,1899,9910
1504,10248,1705,9535
1442,9915,1624,9666
1252,9194,1467,9384
1343,9782,1492,9259
1279,9089,1358,9080
1077,8801,1122,8678
1105,8101,1201,7978
930,8152,1069,7104
918,7602,995,7543
878,7241,1024,7091
886,7012,815,6254
669,6383,933,5748
837,5833,909,5487
740,5779,1114,5099
812,5274,917,4570
787,4925,1030,4332
705,4891,987,4307
863,4365,998,4179
880,4188,1174,3813
1035,4202,1315,4063
1145,4083,1377,3934
1377,4055,1471,3966
1222,3950,1503,4047
1411,3976,1718,3912
1461,3785,1736,4147
1579,4101,1763,3988
1657,4101,1931,4022
1792,4851,2012,4535
2131,5064,2182,4660
2122,4894,2199,4723
2102,5011,2280,4514
2152,5281,2383,5050
2340,5323,2582,5385
2326,5242,3062,5496
2516,5716,3086,5527
2444,5457,2730,5807
2429,5435,2898,5823
2682,5431,3184,5842
2694,5689,2955,5769
2731,5471,2902,6183
2661,5480,3013,5880
2818,5574,3054,5708
2545,5462,2875,5361
2529,5584,2964,5514
2454,4957,2927,5202
2608,5215,2989,5268
2604,4857,2891,5109
2342,5075,2799,5204
2557,4867,2760,4698
2433,4549,2575,4780
2749,4293,2679,4754
2420,4531,2903,4379
2426,4615,2708,4558
2472,4228,2727,4053
2341,4328,2739,4316
2616,4230,2696,4567
2687,4457,2935,4155
2597,3895,2938,4402
2890,4348,2961,4217
2784,4228,3186,4334
2860,4228,3364,4736
3149,4587,3514,4687
2739,4509,3600,4995
3056,4467,4093,5239
3091,5002,3815,5404
3305,5677,3641,5970
3504,5456,3658,6516
3551,6086,3889,7012
3515,7172,3945,7482
3655,7665,4067,8421
3690,8490,3786,8867
3636,9690,4485,10711
3675,10213,4274,11315
3820,11513,4487,12846
3929,12744,4741,14134
3912,14135,4337,15901
4046,15418,4456,16616
4006,16808,4729,17976
4090,18096,4355,19496
4152,19632,4472,21816
4477,21080,4646,23912
4441,21520,4504,24248
4658,23104,4638,26224
4374,24664,4863,27144
4470,25688,4669,27696
4420,26096,4797,29008
4165,27256,4239,29872
4421,28848,4486,30048
4238,28576,4509,30344
3998,29656,4409,29768
4482,29936,4531,30800
4182,30944,4465,30160
4175,31008,4549,29616
4181,31072,4194,29784
3856,30856,4062,29848
3968,30072,4148,29232
3629,29808,3805,27520
3509,29296,3930,27376
3580,27864,3631,25864
3400,27128,3410,25872
3287,25712,3190,24152
2950,23936,3323,23376
3064,22992,3193,22664
2207,21168,2846,20104
1754,18288,2480,18968
1513,15105,1842,16183
1163,12415,1510,13272
1062,10455,1233,10746
988,9100,957,8684
1013,8008,1059,8060
766,7321,931,6603
916,6231,956,5773
868,5190,852,5092
776,4462,947,4710
829,3725,925,4105
804,3544,903,3603
878,2892,917,2975
813,2753,950,3127
751,2643,842,2814
658,2993,794,2648
765,2686,837,2720
679,2887,771,2661
765,2884,887,2897
635,3116,767,2771
616,3318,863,2886
877,3159,832,3296
1032,3701,1025,3442
1040,4010,1083,3873
990,4147,1343,4074
1364,4848,1699,4552
1511,4942,1850,4378
1779,5153,2251,4619
2197,5300,2528,5071
2540,5979,2872,5477
2798,5287,2882,5583
3140,4994,3455,5387
3533,4816,3331,5045
3318,4249,3392,4631
3153,4024,3747,3927
3594,3669,3296,3907
3107,3338,3056,3568
2948,2669,2973,3584
2751,3195,2831,3370
2680,3291,2679,3760
2604,3464,2816,3778
2554,3580,2658,4207
2392,4240,2745,4389
2477,4244,2476,4619
2314,4647,2429,4888
2251,4965,2344,4888
2230,4880,2325,4880
2305,4423,2351,4432
2265,4368,2145,4036
1973,4057,1965,3839
1870,3743,1879,3520
1731,3298,1847,3033
1675,2867,1504,2523
1321,2455,1225,2434
1254,2017,1125,2164
1166,1858,1181,1728
1178,1790,1165,1628
1223,1420,1119,1313
1159,1437,1237,1417
1169,1354,1333,1529
1135,1427,1272,1489
1233,1444,1205,1588
1269,1537,1261,1599
1239,1846,1532,1687
1377,1979,1382,1919
1227,2076,1404,2169
1311,2044,1530,2328
1138,2239,1260,2100
1293,2381,1364,2530
1128,2461,1220,2448
1058,2543,1308,2467
1143,2552,1079,2398
919,2384,855,2214
806,2092,1077,2219
769,1861,1038,1918
731,1772,928,1954
626,1618,995,1722
694,1418,833,1568
598,1248,857,1436
660,1314,756,1185
521,1191,654,1274
558,1154,725,1142
575,1072,613,1298
642,1200,618,1282
641,1350,723,1335
581,1548,650,1628
509,1785,651,1717
671,1975,712,2151
453,2638,583,2547
580,2954,673,3042
580,3487,726,3510
667,3872,748,3699
567,4463,675,4436
704,4916,676,4865
677,5021,691,5640
642,5303,741,5563
757,5749,676,5680
753,5622,807,5658
689,5495,812,5425
661,5251,896,5037
587,4745,741,4789
655,4740,848,4710
617,4468,675,4634
594,4504,744,4539
492,4594,649,4574
645,4651,683,4740
603,5226,703,5331
540,5783,679,5601
578,6398,615,6103
535,7037,646,6796
689,7583,606,7074
638,8032,631,7343
579,7935,703,7868
626,8109,675,7608
603,7609,758,7530
511,7504,779,7278
634,6736,725,6682
607,6472,664,6765
575,6103,719,5486
636,5465,728,5290
684,4775,793,4838
690,4465,740,4169
684,4159,803,3910
712,3727,796,3949
754,3580,671,3603
778,3351,819,3331
593,3242,775,3201
798,2901,708,3144
665,2994,718,3138
628,3041,779,3250
786,3080,601,3104
701,3254,748,3451
617,3496,703,3757
690,3906,707,4180
655,4407,676,4538
671,4986,725,5304
561,6247,766,6272
723,6956,682,7153
642,7688,797,8010
681,9123,720,9516
648,9665,603,10384
657,10640,719,11210
670,11379,767,12011
663,12178,740,12836
750,12349,754,13559
637,12313,746,13698
611,12491,795,12696
735,12288,805,13049
648,10991,740,11358
693,9664,893,10857
662,9173,876,9587
899,8311,1014,8490
883,7448,999,7415
917,5960,1035,6065
1018,5305,1078,5012
1063,4202,1091,4731
1129,3589,1234,3675
1197,2971,1142,3272
1107,2744,1146,2771
1025,2386,1171,2342
1088,2101,1155,2166
1071,1950,1227,2007
1107,1616,1024,1691
916,1757,1013,1779
1017,1710,930,1551
1084,1565,1047,1528
900,1698,951,1446
893,1464,907,1519
751,1541,838,1582
690,1481,769,1402
686,1318,856,1263
694,1425,750,1306
714,1442,669,1464
666,1526,789,1360
724,1321,627,1450
593,1521,683,1373
624,1303,773,1353
596,1224,679,1499
637,1307,814,1174
525,1166,677,1374
707,1173,705,1179
611,1223,779,1098
537,1226,835,1396
588,1145,693,921
598,1297,833,1050
786,1072,752,1066
571,1113,732,967
754,997,690,1013
592,1132,773,1165
719,919,769,881
715,840,759,927
678,816,767,1004
660,867,743,807
554,849,782,865
659,879,706,1085
652,758,736,885
576,883,808,845
608,834,665,897
575,921,646,829
681,854,739,986
656,998,610,899
667,1050,790,1078
721,854,732,893
801,965,861,1087
827,1036,884,1099
928,1087,1077,1126
990,1238,1220,1162
1200,1081,1069,1230
1322,1184,1423,1403
1333,1308,1639,1373
1536,1442,1841,1478
1631,1347,1940,1473
1934,1432,1978,1392
1870,1722,2167,1590
2176,1661,2388,1796
2112,1649,2298,1715
2187,1741,2490,1788
2360,1814,2326,1449
2487,1641,2518,1831
2204,1586,2252,1698
2300,1628,2136,1663
2261,1688,2206,1731
2202,1534,2106,1525
2086,1431,2062,1517
2031,1592,2061,1370
1874,1532,1880,1392
1981,1337,2009,1366
2035,1305,2191,1574
2220,1285,2137,1616
2299,1523,2151,1497
2048,1420,2433,1609
2212,1584,2368,1726
2302,1505,2351,1692
2396,1494,2413,1566
2237,1661,2415,1664
2085,1503,2428,1760
2283,1537,2435,1641
2022,1463,2168,1637
2066,1537,2143,1544
2015,1449,1922,1566
1694,1442,1805,1425
1572,1341,1763,1389
1707,1416,1783,1367
1531,1151,1566,1390
1457,1295,1504,1329
1560,1284,1384,1358
1299,1137,1469,1436
1434,1423,1549,1270
1541,1202,1482,1268
1266,1206,1588,1399
1469,1235,1515,1381
1481,1248,1403,1382
1313,1275,1536,1323
1399,1357,1384,1373
1472,1515,1458,1556
1408,1640,1506,1764
1543,1638,1734,1754
1362,1674,1540,1947
1417,1874,1837,2068
1729,2242,2028,2146
1979,2197,2296,2204
2060,2451,2289,2504
2690,2846,2917,2774
3143,2785,3359,3269
3365,3054,4074,3387
3859,3337,4361,3746
4368,3614,4971,4114
4550,4213,5595,4446
5004,4473,5873,4644
5032,4793,6200,5023
5506,5353,5792,5552
5138,5794,5732,6750
5292,6480,5536,7363
5281,7507,5138,9052
5063,8234,5241,10653
4769,10346,4580,12296
4424,12546,4452,15009
4197,15071,3965,18928
3728,19016,3838,23040
3472,23568,3430,27200
3439,27472,3388,32320
3384,33528,3618,36584
3254,38016,3445,40880
3397,42960,3419,44168
3450,44216,3741,46080
3669,45928,4064,47096
3843,45712,3642,48176
3642,43648,3752,45312
4070,41624,3971,41328
3866,37360,3921,37448
3972,33560,3746,31808
3623,29392,3460,27512
3528,24944,3568,22816
3410,21104,3570,19264
2944,17256,3004,15725
2887,13240,2758,12497
2494,11400,2700,10293
2383,9279,2369,9055
2235,7917,2041,7336
1853,6732,1792,6371
1681,5853,1816,5444
1547,5154,1775,4982
1549,4790,1469,4235
1376,4118,1396,4036
1382,3879,1459,3639
1228,3486,1380,3532
1303,3468,1182,3211
1245,3271,1328,2880
1083,2924,1241,2989
1115,2810,1288,2945
1187,2567,1154,2290
1205,2351,1290,2473
998,2408,1175,2264
1138,2386,1197,2177
1073,2165,1161,2106
1182,2019,1138,1977
1120,2048,997,1922
1020,1856,1054,1883
978,1889,1071,1937
927,1807,1200,1694
944,1983,1043,1803
983,2077,1017,1961
934,1784,1186,1959
939,1664,931,2006
938,1893,946,1853
914,1855,970,1962
871,1928,889,2100
945,1796,918,1878
827,1959,935,1995
859,1917,868,2094
785,1962,842,1976
944,1920,784,2194
935,2381,786,2325
909,2554,755,2270
809,2822,908,2565
756,2909,849,2872
838,3512,837,2953
776,3485,834,3322
810,3885,842,3800
814,3679,687,3797
787,3753,733,4082
744,4253,837,4058
813,4078,834,4073
618,4167,772,4171
646,4321,771,4460
791,4109,641,3758
650,3805,691,3835
800,3863,776,3932
669,3544,779,3709
797,3423,886,3429
737,3294,723,3408
691,3221,749,3177
745,3226,710,3103
681,3174,829,3006
739,3335,776,3451
794,3265,763,3372
739,3289,859,3208
800,3380,807,3374
779,3590,788,3221
868,3678,928,3536
836,3575,914,3263
928,3515,1063,3428
1151,3569,1135,3366
1250,3307,1227,3360
1303,3368,1463,3230
1408,3170,1538,3394
1416,3002,1645,2890
1720,2815,1728,2921
1630,2719,1674,2670
1713,2557,1684,2627
1709,2671,1789,2522
1769,2264,2020,2272
1657,2183,1907,2300
1677,2125,1810,2174
1556,1921,1745,2224
1566,1874,1481,1969
1254,1596,1575,1926
1582,1740,1447,1736
1362,1650,1483,1851
1271,1630,1503,1693
1148,1483,1385,1716
1241,1596,1304,1842
1153,1704,1037,1817
1061,1821,1100,2017
1080,2139,1136,2330
1173,2188,974,2959
1043,3056,1092,3551
1076,3641,1041,4432
980,4492,1002,6047
996,6156,1030,8037
973,7719,1177,10325
1047,11058,1005,13393
996,13153,1158,17624
1079,16896,1102,23368
945,21456,1195,28840
992,25944,1227,34928
1044,33128,1086,41824
1171,38696,1318,48400
1303,44368,1415,54040
1245,49960,1264,58064
1170,55776,1267,62048
1248,60624,1456,64448
1215,63592,1356,64840
1279,63344,1359,60752
1142,62720,1318,58752
1395,60936,1316,54472
1344,57720,1165,50440
1119,51936,1192,44528
1003,46696,1074,38968
986,40360,1052,35432
1101,35784,997,30144
1075,31272,1130,26464
962,27040,1010,22752
961,23784,1026,19488
892,20936,982,16968
839,18384,949,14355
909,16124,861,13138
779,14133,883,12311
920,12552,920,10984
817,11259,890,9490
760,9702,821,8510
698,8698,752,8210
740,8439,848,7145
720,7512,740,6904
752,7014,763,6156
660,6649,718,5894
655,5759,711,5003
653,5395,648,4915
697,4917,669,4248
708,4690,803,4128
769,4202,768,4448
680,4031,792,3842
632,4066,748,3564
665,3841,765,3548
829,3320,623,3397
680,3463,701,3265
654,3211,787,3429
674,3012,818,3103
786,3008,886,3263
846,2986,915,3301
885,2874,1153,2870
1142,3113,1317,2972
1388,2841,2066,3064
2068,3072,2830,3417
3117,3477,4549,3772
4515,3685,6947,4363
7613,4423,10411,5130
11298,5522,15946,6391
17120,6664,22704,8581
24784,8845,30336,10297
33312,11215,41088,13702
44848,13616,54568,16640
57112,17512,67088,20240
69864,20272,80272,23336
81136,23920,91600,27056
92248,26520,97912,30528
99288,29832,106688,33464
101712,31752,110440,34064
103704,33752,110552,36376
102704,35880,108552,38536
99344,36968,101008,39552
94728,38288,94576,40096
87288,38176,85880,40648
80688,39280,76648,40896
70384,39688,67536,40384
62568,38000,58880,39416
55104,36736,50120,38424
46568,36032,43664,36488
40144,33856,36864,33144
33872,31504,31344,31232
30240,28744,27312,28016
26616,26456,23112,25496
21368,23792,20176,21712
19216,20976,18440,19632
15984,18760,15905,16800
13682,16355,13712,14914
12059,13582,11638,12704
10709,11802,10209,11065
9501,10308,9338,9489
8554,9298,8616,8859
8257,8179,7469,7400
6767,7675,6800,6458
6217,6464,5789,6122
5728,6330,5664,5698
5643,5481,5015,5317
4851,5187,5058,4828
4570,4822,4543,4299
4127,4407,4089,4602
4154,4290,3813,4484
3639,4151,3609,4163
3542,4176,3693,4287
3514,3969,3293,3760
3270,3841,2826,3702
3208,3497,3026,3121
2924,3303,2881,3238
2903,2971,2836,3116
2871,3175,2836,3017
3037,2817,3329,3171
3871,3069,3935,3293
4291,3073,5601,3639
6420,3513,8028,3911
9609,4691,11980,5181
14130,6049,18480,6944
22472,8024,27952,9430
33928,10935,42976,13434
49720,14926,62696,18128
70344,20112,88664,23560
97424,26672,120032,32280
128128,34008,159168,42240
160576,41048,197312,51424
200128,50928,240512,62360
238016,59680,283520,69760
276160,67504,323968,79120
309824,76760,351168,87232
330176,81072,373184,89936
347712,84296,383296,91736
355712,87056,384512,91040
357760,86440,373248,89656
348928,83664,354944,83552
334272,79216,334016,79224
311808,74120,306048,72896
286464,68224,280064,65288
262848,61344,253056,58576
237312,55928,224384,52760
210368,49584,197632,46432
187072,44400,170752,41376
162560,39896,150080,36296
143552,34048,129264,31040
126416,30112,111688,26952
108592,26256,98176,23960
93752,23032,84128,21032
82808,21064,73152,18616
71640,18224,63872,16632
61880,15951,56904,15242
53176,13845,50176,13218
47304,12671,44696,11808
41280,11467,38544,10363
36352,10489,35040,10125
34032,9468,31512,8510
28880,8322,28320,8365
26904,7961,26032,7411
23880,6828,23024,6959
21968,6718,21072,6141
20096,5998,19056,6078
18080,5623,17496,5603
16904,5432,16648,5397
15681,5247,14740,5123
14633,4941,13974,4887
13457,4527,13097,4916
12539,4505,11321,4559
11622,4677,11504,4545
11630,4436,10529,4153
10125,4216,9852,3629
9571,3805,8866,4092
8967,4028,8576,3756
8660,3470,7988,3592
8043,3482,7636,3770
7252,3421,7303,3497
7620,3230,6724,3572
6807,3388,6307,3488
6557,3617,6180,3790
6406,3408,6000,3756
5704,3619,5748,3784
5782,3501,5278,3805
5476,3340,5177,3918
5349,3349,5344,3643
5106,3818,4921,3782
5045,3832,4890,3704
4736,3754,4539,3489
4520,3532,4475,3741
4311,3829,4387,3865
4700,3796,4299,3634
4385,3841,4011,3502
4476,3473,4169,3387
3986,3446,4102,3031
4092,3563,3918,3346
4177,3278,3626,3278
4221,3408,4054,3085
3741,3224,3900,3296
3984,3189,3682,3409
3805,3420,3746,3129
3438,3185,3691,3298
3519,3491,3702,3480
3438,3268,3508,3402
3239,3458,3296,3300
3234,3421,3157,3336
3251,3369,3038,3405
3113,3437,3135,3274
2878,3213,3110,3181
2918,3437,2827,3259
2850,3360,2738,3120
2580,3048,2462,2965
2518,2879,2439,3217
2536,2584,2483,2737
2651,2631,2453,2992
2429,2499,2528,2579
2356,2535,2495,2292
2352,2349,2446,2304
2434,2313,2313,2158
2173,1922,2299,2012
1972,1842,2190,1821
1970,1859,2087,1841
2053,1829,2054,1911
1851,1700,2090,1754
1821,1677,2233,1817
1843,1556,1812,1642
1794,1544,1859,1568
1785,1474,1773,1468
1881,1599,1777,1589
2040,1452,1831,1475
1749,1534,2001,1657
1711,1768,1786,1586
1690,1626,1698,1743
1712,1834,1909,1675
1671,1586,1684,1807
1760,1895,1633,2038
1560,2226,1671,1974
1630,2118,1503,2075
1525,2402,1849,2199
1444,2615,1495,2439
1604,2597,1593,2410
1494,2721,1592,2616
1523,2657,1525,2700
1464,2982,1643,2571
1574,2878,1553,2692
1508,2636,1597,2503
1554,2762,1689,2489
1574,2639,1533,2589
1432,2666,1523,2316
1444,2516,1439,2449
1317,2384,1533,2270
1559,2224,1457,2176
1424,2347,1420,1995
1405,2050,1449,1963
1395,2052,1570,1762
1478,1845,1614,1847
1502,1853,1664,1809
1561,1596,1459,1691
1550,1592,1665,1484
1567,1503,1618,1582
1425,1631,1600,1433
1497,1633,1480,1484
1455,1324,1724,1618
1548,1568,1591,1561
1514,1394,1496,1510
1433,1531,1588,1537
1402,1420,1718,1462
1472,1351,1568,1537
1546,1292,1461,1335
1340,1420,1486,1326
1523,1358,1478,1309
1426,1464,1324,1301
1291,1334,1379,1287
1396,1452,1288,1382
1411,1199,1277,1396
1328,1391,1282,1214
1284,1308,1291,1311
1177,1332,1270,1309
1164,1186,1268,1448
1287,1359,1259,1377
1142,1316,1108,1386
1112,1277,1284,1312
1160,1309,1239,1444
1123,1500,1079,1481
1049,1270,1226,1370
1177,1436,1098,1336
986,1362,1078,1372
1102,1247,1115,1307
1177,1440,1193,1326
1155,1327,1288,1346
960,1341,1191,1257
1078,1229,1061,1306
1208,1252,1135,1409
1162,1059,1295,1169
1133,1244,1244,1339
1186,1051,1083,1262
957,1294,1119,1199
1038,1165,1171,1191
944,1191,975,1323
1095,1191,1251,1217
1106,1192,1020,1236
1065,1060,1255,1272
1102,1292,1135,1177
1087,1178,1216,1355
1075,1161,1142,1222
1135,1227,1138,1143
996,1147,1057,1342
1053,1215,1125,1184
1026,1245,1309,1361
1091,1261,1169,1150
1077,1153,1182,1326
984,1209,1081,1282
938,1131,1119,1263
1065,1106,1118,1148
996,998,1024,1202
944,1156,973,1154
1005,1049,1086,1273
973,1254,961,1180
961,1108,1184,1127
903,1110,934,1253
971,1219,1118,1241
1060,1327,1091,1245
985,1035,1054,1188
948,1230,994,1223
949,1189,1041,1172
916,1058,1195,1191
1027,1188,1240,1301
1032,1051,1169,1129
1054,1101,1158,1155
1084,1117,1159,1135
1027,1186,1081,1078
1136,1100,1254,1206
1150,1012,1138,1057
1284,1009,1154,1171
1138,1266,1305,1130
1210,1097,1318,1134
1236,1060,1304,1178
1050,988,1202,1080
1105,984,1190,1057
1019,1119,1166,1114
1011,1205,1132,1120
978,1141,1015,952
1052,1145,1081,1275
1067,1106,1137,1233
1094,1214,1064,1347
1019,1293,1123,1336
1024,1355,944,1480
1012,1551,1060,1406
900,1432,1065,1756
959,1979,1063,1852
904,2070,879,2166
952,1810,1045,2090
998,2394,983,2325
906,2186,1161,2547
941,2581,1018,2683
903,2795,1142,2654
1069,2807,1214,2698
1053,2933,1143,2644
1012,2665,1066,2867
1008,2863,1176,2584
1069,2961,1191,2862
1076,2769,1100,2813
1023,2829,1103,2690
1088,2796,1147,2522
1094,2528,1198,2779
997,2487,1238,2649
1138,2342,1049,2285
1051,2419,1061,2377
962,2270,1125,2079
1164,2023,1137,2213
1095,2147,1075,1998
1042,1900,1245,1886
965,1890,967,1833
955,1712,978,1731
994,1673,987,1844
1084,1511,884,1778
1044,1660,1022,1568
952,1412,1091,1405
1006,1408,1102,1532
934,1479,1064,1366
888,1405,1062,1392
1002,1281,1093,1197
1055,1409,1074,1261
1047,1236,1155,1161
947,1142,1033,1251
939,1239,1198,1208
935,1187,1059,913
1080,1013,1174,1192
1099,1194,1168,1179
1170,1219,1060,979
1116,1100,1113,1123
961,983,1051,1252
971,932,910,1102
1043,962,1098,910
993,993,923,1043
1061,958,1109,995
930,982,1097,979
987,894,994,962
989,968,952,1038
867,989,876,961
909,926,1047,985
904,921,878,1035
834,976,938,985
874,986,957,915
953,717,1118,930
955,965,1072,978
989,839,1015,941
1025,778,1227,875
1020,883,1180,1006
1103,1042,1152,1043
1185,983,1364,1133
1314,1009,1518,902
1406,870,1614,1091
1556,901,1640,1047
1545,1114,1852,1176
1620,983,1911,1064
1737,1037,1890,1020
1902,1118,2033,1112
1907,955,1893,1168
1810,1094,1838,1076
1750,1029,1644,1062
1885,939,1788,1193
1771,876,1860,1043
1698,978,1834,1019
1788,960,1897,1013
1661,1023,1765,971
1693,948,1513,1086
1556,930,1511,1012
1416,932,1517,1045
1382,968,1351,963
1260,900,1450,894
1274,849,1216,903
1336,842,1261,914
1127,840,1248,963
1080,756,1218,926
954,669,1111,892
1085,881,962,890
954,889,1000,885
1078,921,1074,865
1086,797,997,815
974,747,972,861
904,878,1042,873
887,875,971,872
891,829,1012,898
905,820,1026,680
1063,893,922,901
890,889,1001,968
912,874,1176,841
998,792,1086,860
972,827,976,834
1080,844,1183,771
910,773,1210,902
1068,760,1067,971
1060,796,1028,944
953,867,1222,1008
1024,811,1271,965
1196,872,1147,972
1185,874,1151,881
1064,888,1398,956
1356,926,1413,868
1316,912,1237,954
1299,845,1223,970
1351,902,1255,1003
1175,915,1232,1073
1383,1057,1164,966
1089,862,1164,1068
1238,930,1145,1152
1320,1050,1170,1096
1156,831,1109,1035
1222,992,1098,955
1198,922,937,1206
972,915,1001,1080
958,1019,1162,946
956,973,1090,1040
1153,1044,911,1129
1036,1025,1081,1262
909,958,1141,1115
941,1058,812,1384
903,1159,896,1361
952,1043,901,1303
921,1131,1027,1252
924,1135,1002,1310
955,1257,1033,1518
964,1234,1172,1354
1123,1339,1324,1447
1207,1494,1294,1582
1264,1501,1431,1797
1497,1537,1590,1986
1436,1894,1849,2148
1818,1890,1922,2276
1830,1955,2313,2417
2201,2058,2399,2787
2369,2388,2461,2766
2532,2314,2758,2871
2493,2490,2736,2674
2846,2628,2807,2854
2767,2593,2776,2942
2571,2438,2970,2678
2694,2703,2806,2948
2737,2819,2750,2911
2643,2685,2962,2914
2345,2687,2568,2634
2622,2353,2513,2578
2631,2481,2313,2659
2251,2391,2362,2420
2077,2361,2284,2774
2188,2286,2092,2271
2157,2328,1954,2258
1961,2108,2054,2291
2000,2314,2090,2099
1843,1925,2072,2073
1768,1821,1813,2174
1764,2013,1711,2134
1780,1743,1668,1973
1611,1665,1559,2115
1514,1913,1661,1822
1571,1786,1694,1990
1446,1789,1487,1936
1521,1787,1583,1902
1372,1697,1163,1896
1181,1603,1379,1922
1228,1731,1277,1930
1139,1711,1292,1857
1152,1649,1126,1739
1204,1805,1033,1805
1050,1645,1087,1885
1104,1677,1100,1722
932,1704,1297,1856
1049,1739,1050,1804
1010,1529,969,1903
942,1463,895,1616
983,1540,990,1732
802,1487,899,1756
837,1498,970,1579
797,1497,957,1502
858,1428,895,1629
956,1454,1004,1508
875,1431,1071,1588
861,1398,1011,1512
888,1389,1041,1372
1035,1253,1053,1391
1003,1372,1033,1468
989,1329,1097,1508
1223,1164,1286,1475
1253,1323,1364,1445
1238,1332,1398,1494
1354,1474,1687,1442
1452,1270,1846,1427
1642,1289,1749,1396
1672,1415,2086,1533
2041,1407,2387,1426
2278,1466,2515,1550
2701,1623,2882,1618
2954,1683,3472,1958
3433,1566,3843,1702
4011,1630,4475,1896
4437,1907,5195,2173
5314,2111,6006,2230
5909,2201,6320,2456
6501,2476,7120,2610
6968,2644,7770,2610
7777,2589,8681,2886
8450,2648,8905,2967
8461,2685,9324,3006
8793,2864,8976,3005
9084,2658,8942,2797
8589,2847,9180,3228
8706,2812,8787,2771
7860,2935,8029,2918
8039,2543,7854,2558
7481,2096,7065,2603
6968,2545,6817,2471
6059,2511,6194,2415
5313,2193,5601,2348
4882,2049,4888,2196
4452,2032,4597,2183
4015,1974,3889,2234
3348,1724,3677,2024
3142,1757,3468,2023
2988,1769,2964,2117
2598,1591,2705,1980
2239,1733,2521,1847
2060,1917,2497,2039
2067,1802,2047,1847
1651,1892,2159,1843
1683,1701,1903,1743
1699,1669,1769,1585
1769,1472,1634,1709
1434,1439,1619,1564
1473,1354,1323,1505
1284,1473,1299,1484
1305,1242,1339,1298
1285,1211,1350,1063
1155,1121,1224,1214
1089,1081,1152,1091
1011,1076,1050,1159
929,1124,1089,1161
1038,1099,1031,1032
1021,1020,980,946
985,1003,902,1098
946,784,927,873
943,845,873,922
959,900,886,831
894,822,808,839
918,757,968,914
808,812,933,804
887,853,822,950
845,822,787,948
914,750,862,910
833,770,851,787
794,746,787,878
835,794,909,916
735,766,887,908
789,764,817,795
901,739,895,934
896,737,741,710
888,804,925,718
904,830,899,951
803,702,904,825
827,787,909,841
789,800,954,886
703,806,794,806
796,700,962,734
824,712,833,690
737,700,756,779
799,725,657,753
812,738,790,704
749,700,725,685
722,656,769,640
739,754,743,777
762,734,799,745
631,765,709,703
811,737,762,616
667,570,730,780
659,598,800,648
652,686,746,634
684,632,707,703
627,570,727,750
583,543,744,713
637,620,749,683
605,564,670,682
556,674,629,716
680,623,641,713
681,617,654,732
602,615,770,657
627,715,582,651
536,613,622,638
611,690,659,604
568,646,563,652
635,642,687,584
665,564,655,634
557,619,774,674
635,623,581,689
666,655,605,707
572,611,701,672
581,619,629,723
652,528,693,716
585,612,767,786
676,672,560,702
664,536,591,602
613,571,600,709
690,551,662,717
597,580,741,727
596,674,760,659
586,643,681,630
612,681,688,736
681,657,687,703
555,557,656,642
717,590,603,644
739,526,658,677
536,637,670,637
660,555,627,631
601,606,715,605
623,530,655,684
663,528,769,581
632,608,739,574
763,665,658,621
639,634,785,672
748,614,677,632
643,595,803,569
676,565,738,744
638,564,881,605
698,582,617,699
655,634,835,642
695,705,763,785
827,567,876,788
759,675,871,840
931,664,987,709
1043,710,1067,701
995,760,1151,706
1208,824,1331,840
1178,655,1496,872
1307,874,1575,838
1569,938,1624,851
1501,830,1848,859
1813,757,1856,812
1939,800,1791,901
1798,754,2102,907
2098,929,2112,910
2046,878,2123,973
1981,943,2183,888
1914,854,2376,955
2203,1065,2227,926
1926,818,2255,1007
2292,996,2110,988
2109,917,2206,945
1873,968,1997,907
2103,953,2146,1008
1938,898,1887,924
1827,898,1781,1110
1713,876,1829,993
1780,1026,1835,1004
1710,1022,1551,1040
1711,908,1588,1024
1583,1099,1721,941
1528,1038,1424,876
1387,970,1336,1040
1476,955,1254,1068
1266,1164,1300,998
1296,1035,1486,1016
1181,1063,1288,1099
1225,1082,1194,1055
1177,1038,1015,1002
1211,1138,1129,933
1011,1049,1166,863
1049,1002,1154,935
1114,1041,1142,1022
1080,858,1106,1068
963,1045,1107,1015
942,1021,1076,951
919,765,1105,939
951,1011,932,915
946,1022,977,765
963,929,854,807
920,907,897,896
884,841,890,846
738,734,877,903
763,886,883,852
960,879,948,953
785,895,901,891
839,859,908,934
869,830,888,875
804,839,867,803
860,905,869,774
746,893,835,905
878,956,898,940
899,853,969,947
929,889,867,898
760,775,773,998
816,836,894,763
720,893,947,920
873,734,927,833
857,676,883,780
775,810,715,855
798,815,812,840
723,808,815,942
721,817,642,836
736,836,764,873
717,770,721,734
762,804,758,677
820,748,783,883
805,724,659,845
704,778,670,932
662,725,831,756
682,721,710,790
621,658,783,755
624,601,786,649
786,570,645,755
633,636,697,657
796,688,834,620
587,619,745,666
616,649,708,631
642,691,693,580
691,586,876,646
644,549,745,554
678,591,751,706
671,625,818,654
645,620,842,628
832,621,863,666
663,508,892,640
626,516,782,488
712,597,856,643
812,592,901,628
812,616,845,675
903,595,1012,629
727,540,793,578
802,640,1085,666
896,589,1065,623
891,676,1097,621
869,608,1068,702
768,568,1024,646
823,660,1053,588
921,549,1099,723
1034,593,1046,710
1003,537,1002,585
972,524,1029,637
899,646,925,683
1032,629,1083,654
990,589,1161,609
891,640,931,691
947,587,1074,665
891,668,1024,748
956,514,965,697
911,672,927,735
923,594,928,699
815,525,789,621
868,564,924,656
817,601,857,628
812,570,847,636
761,630,737,599
748,577,731,607
758,634,794,527
720,645,786,579
796,562,679,672
825,435,780,633
722,595,769,522
678,593,788,588
702,657,798,658
688,427,670,579
595,600,757,635
548,550,692,552
667,565,725,601
676,568,746,580
561,570,719,569
570,592,584,619
560,504,604,578
619,523,691,650
615,367,598,513
561,535,624,533
556,562,534,595
563,537,589,554
469,598,600,546
417,424,570,663
497,582,556,577
480,510,646,642
538,581,512,623
525,571,553,587
476,679,532,635
441,528,539,627
501,497,564,689
470,595,558,729
522,570,634,701
566,595,675,619
544,654,659,655
591,510,684,622
507,535,669,732
554,581,694,727
609,537,567,679
556,541,733,563
594,549,635,658
536,460,545,658
567,570,622,557
515,633,655,639
561,514,565,622
511,748,590,599
428,471,596,724
488,479,613,619
509,504,649,648
546,619,647,650
567,693,561,601
530,579,663,655
596,643,628,627
444,549,585,648
521,583,552,608
538,516,579,635
445,636,575,729
416,641,495,613
467,567,547,592
454,578,586,747
559,639,530,638
456,539,556,577
469,516,567,647
516,603,478,765
585,593,561,581
378,524,525,655
485,554,599,587
474,516,576,510
532,553,535,670
438,535,520,521
463,557,502,630
462,553,402,679
546,438,588,669
546,499,556,580
477,540,619,656
541,496,573,564
628,512,573,619
490,516,527,707
399,572,574,674
483,585,497,625
471,480,585,713
476,467,516,628
433,534,551,635
491,510,541,730
428,553,506,667
430,446,598,624
636,438,699,677
592,580,698,667
639,498,902,676
826,568,873,718
646,539,1019,784
910,571,992,724
929,616,1106,779
978,614,1326,857
1171,708,1323,855
1104,762,1705,842
1312,738,1596,1058
1374,758,1754,1044
1745,739,2036,999
1990,943,2532,1113
1987,873,2676,1039
2131,808,2558,984
2044,932,2910,1019
2281,936,2722,1065
2463,889,2839,1082
2783,1028,2915,1266
2598,914,3250,1170
2501,1071,2985,1321
2625,910,2913,1115
2757,857,3003,1067
2785,938,2805,1122
2579,960,2826,1061
2637,980,2759,1016
2355,1050,2546,1003
2203,844,2454,1268
2057,893,2500,1008
1968,883,2330,1011
2009,908,2466,1076
2063,806,1981,1040
1933,741,2084,855
1740,808,2001,803
1544,787,1800,962
1527,681,1679,858
1534,724,1603,756
1407,730,1491,845
1434,725,1358,856
1350,702,1494,796
1175,723,1170,866
1217,614,1246,698
1202,628,1305,685
1220,689,1301,728
1087,667,1228,801
957,638,1149,877
1131,613,1051,715
975,636,1079,748
983,471,1161,786
1063,626,1043,754
997,571,980,726
855,625,1129,585
944,582,872,849
968,598,1210,814
1054,709,1129,661
1067,650,1076,740
1034,618,1194,668
1021,536,1168,737
1099,583,1265,871
1068,741,1463,664
1223,581,1394,736
953,706,1419,796
1157,632,1474,683
1173,648,1407,826
1291,603,1254,746
1221,588,1349,744
1229,624,1352,756
1168,609,1309,871
1259,629,1510,851
1114,586,1614,860
1209,628,1331,854
1358,701,1263,892
1353,669,1251,838
1156,690,1306,866
1246,633,1138,717
1130,599,1330,815
1179,706,1354,759
1065,770,1329,752
1311,612,1246,832
1130,745,1258,771
1069,607,1201,888
1248,624,1116,912
1060,711,1146,846
1040,749,1123,887
1128,833,1043,888
934,702,1097,912
950,679,1075,1039
915,845,1108,886
955,831,972,950
919,819,990,875
839,767,957,897
900,779,912,943
1023,640,979,769
0,0,0,0
0,0,0,0
0,0,0,0
0,0,0,0
0,0,0,0
0,0,0,0
0,0,0,0
0,0,0,0
0,0,0,0
0,0,0,0
0,0,0,0
0,0,0,0
0,0,0,0
0,0,0,0
0,0,0,0
2,1,2,1
7,5,7,5
11,9,11,10
15,14,14,14
17,17,18,17
21,20,21,20
23,22,23,22
25,24,26,25
27,27,27,27
29,28,29,28
31,30,31,30
31,31,31,31
33,32,33,32
34,33,34,34
34,34,35,34
36,35,35,35
36,35,36,36
37,36,37,36
37,37,37,37
37,37,37,37
38,38,38,38
37,38,38,38
38,38,39,38
39,39,38,39
38,39,39,38
39,39,39,39
39,39,39,39
39,39,39,39
39,39,39,39
39,39,40,39
39,39,39,40
39,40,40,39
39,39,40,40
40,40,39,39
39,39,40,40
40,40,39,40
39,40,40,40
40,39,40,40
40,40,40,40
40,40,40,40
40,40,40,40
39,40,40,40
40,40,40,40
39,40,40,40
40,40,40,40
40,40,40,40
40,40,40,40
40,40,40,40
40,40,40,40
40,40,40,40
40,40,40,40
40,40,40,40
40,40,40,40
40,40,40,40
40,40,40,40
40,40,40,40
40,40,40,40
40,40,40,40
40,40,40,40
40,40,40,40
40,40,40,40
40,40,40,40
40,40,40,40
40,40,40,40
40,40,40,40
40,40,40,40
40,40,40,40
40,40,40,40
40,40,40,40
40,40,40,40
40,40,40,40
40,40,40,40
40,40,40,40
40,40,40,40
40,40,40,40
40,40,40,40
40,40,40,40
40,40,40,40
40,40,40,40
40,40,40,40
40,40,40,40
40,40,40,40
40,40,40,40
40,40,40,40
40,40,40,40
40,40,40,40
40,40,40,40
40,40,40,40
40,40,40,40
40,40,40,40
40,40,40,40
40,40,40,40
40,40,40,40
40,40,40,40
40,40,40,40
40,40,40,40
40,40,40,40
40,40,40,40
40,40,40,40
40,40,40,40
40,40,40,40
40,40,40,40
40,40,40,41
40,40,40,40
40,40,40,40
40,40,40,40
40,40,40,40
40,40,40,40
40,40,40,40
40,40,40,40
40,40,40,40
40,40,40,40
40,40,40,40
40,40,40,40
40,40,40,40
40,40,40,40
40,40,40,40
40,40,40,40
40,40,40,40
40,40,40,40
40,40,40,40
40,40,40,40
40,40,41,40
40,40,40,40
40,40,40,40
40,40,40,40
40,40,40,40
40,40,40,40
40,40,40,40
40,40,40,40
40,40,40,40
40,40,40,40
40,40,40,40
40,40,40,40
40,40,40,40
40,40,40,40
40,40,40,40
40,40,40,40
40,40,40,40
40,40,40,40
40,40,40,40
40,40,41,40
40,40,40,40
40,40,40,40
40,40,40,40
40,40,40,40
40,40,41,40
39,40,40,40
40,40,40,40
40,40,40,41
40,40,40,40
40,40,41,40
40,40,40,40
40,40,41,40
40,40,40,40
40,40,40,40
40,40,41,40
40,40,40,40
40,40,40,40
40,40,40,40
40,40,40,40
40,40,41,40
40,40,40,40
40,40,40,40
40,40,40,40
40,40,40,40
40,40,41,40
40,40,40,40
40,40,40,40
40,40,40,41
40,40,40,40
40,40,41,40
40,40,40,40
40,40,40,40
40,40,40,40
40,40,40,40
40,40,40,40
40,40,40,40
40,40,40,40
40,40,40,40
40,40,40,41
40,40,40,40
40,40,41,40
40,40,40,40
40,40,41,40
40,40,40,41
40,40,40,40
40,40,40,40
40,40,40,40
40,40,40,41
40,40,40,40
40,40,40,40
40,40,40,40
40,40,40,40
40,40,40,40
40,40,40,40
40,40,40,40
40,40,40,40
40,40,40,40
40,40,41,40
40,40,40,40
40,40,40,40
40,40,40,40
40,40,40,40
40,40,40,41
40,40,40,40
40,40,41,40
40,40,40,40
40,40,40,40
40,40,40,41
40,40,40,40
40,40,41,40
40,40,40,40
40,40,40,40
40,40,40,41
40,40,40,40
40,40,41,40
40,40,40,40
40,40,40,40
40,40,40,40
40,40,40,40
40,40,41,40
40,40,40,40
40,40,40,40
40,40,41,40
40,40,40,40
40,40,40,40
40,40,40,40
40,40,40,40
40,40,40,40
40,40,40,40
40,40,40,40
40,40,40,40
40,40,40,40
40,40,40,41
40,40,40,40
40,40,40,40
40,40,40,40
40,40,41,40
40,40,40,40
40,40,40,40
40,40,40,40
40,40,40,40
40,40,41,40
40,40,40,40
40,40,40,40
40,40,40,40
40,40,40,40
40,40,41,40
40,40,40,40
40,40,40,40
40,40,40,41
40,40,40,40
41,40,41,40
40,40,40,40
40,40,40,40
40,40,40,40
40,40,40,40
40,40,41,40
40,40,40,40
40,40,40,40
40,40,40,41
40,40,40,40
40,40,41,40
40,40,40,40
40,40,40,40
40,40,40,41
40,40,40,40
40,40,40,40
40,40,40,40
40,40,40,40
40,40,40,41
40,40,40,40
40,40,40,40
40,40,40,40
40,40,40,40
40,40,40,40
40,40,40,40
40,40,40,40
40,40,40,40
40,40,40,40
40,40,40,40
40,40,40,40
40,40,40,40
40,40,40,40
40,40,40,40
40,40,40,40
40,40,40,40
40,40,40,40
40,40,40,40
40,40,41,40
40,40,40,40
40,40,40,40
40,40,40,41
40,40,40,40
40,40,40,40
40,40,40,41
40,40,40,40
40,40,40,41
40,40,40,40
40,40,40,40
40,40,40,41
40,40,40,40
40,40,40,41
40,40,40,40
40,40,41,40
40,40,40,40
40,40,40,40
40,40,40,41
40,40,40,40
40,40,40,40
40,40,40,40
40,40,40,40
40,40,40,40
40,40,40,40
40,40,40,40
40,40,40,40
40,40,41,40
40,40,40,40
40,40,40,40
40,40,40,40
40,40,40,40
40,40,40,40
40,40,40,41
40,40,40,40
40,40,41,40
40,40,40,40
40,40,40,40
40,40,40,41
40,40,40,40
40,40,40,40
40,40,40,40
40,40,40,40
40,40,40,40
40,40,40,40
40,40,41,40
40,40,40,40
40,40,40,40
40,40,40,40
40,40,40,40
40,40,40,41
40,40,40,40
40,40,40,40
40,40,40,40
40,40,40,40
40,40,40,40
40,40,40,40
40,40,41,40
40,40,40,40
40,40,40,40
40,40,40,40
40,40,40,40
40,40,41,40
40,40,40,40
40,40,40,40
40,40,40,40
40,40,40,40
40,40,40,40
41,40,40,40
40,40,40,40
40,40,40,40
40,40,40,40
40,40,40,40
40,40,40,40
40,40,40,40
40,40,40,40
40,40,40,40
40,40,40,40
40,40,40,40
40,40,40,40
40,40,40,40
40,40,40,40
40,40,41,40
40,40,40,40
39,40,40,40
40,40,40,41
40,40,40,40
40,40,40,40
40,40,40,40
40,40,40,40
40,40,40,40
40,40,40,40
40,40,40,40
40,40,40,40
40,40,40,40
40,40,41,40
40,40,40,40
40,40,40,40
40,40,40,41
40,40,40,40
40,40,40,40
40,40,40,40
40,40,40,40
40,40,40,40
40,40,40,40
40,40,40,40
40,40,40,40
40,40,41,40
40,40,40,40
40,40,40,40
40,40,40,40
40,40,40,40
40,40,40,40
40,40,40,40
40,40,40,40
40,40,40,40
40,40,40,40
40,40,40,40
40,40,40,40
40,40,40,40
40,40,40,41
40,40,40,40
40,40,41,40
40,40,40,40
40,40,40,40
40,40,40,40
40,40,40,40
40,40,40,40
40,40,40,40
40,40,40,40
40,40,40,41
40,40,40,40
40,40,40,40
40,40,40,40
40,40,40,40
40,40,40,40
40,40,40,40
40,40,40,40
40,40,40,41
40,40,40,40
40,40,41,40
40,40,40,40
40,40,40,40
40,40,40,40
40,40,40,40
40,40,40,40
40,40,40,40
40,40,41,40
40,40,40,40
40,40,40,40
40,40,40,40
40,40,40,40
40,40,40,40
40,40,40,40
40,40,40,40
40,40,40,40
40,40,40,40
40,40,40,41
40,40,40,40
40,40,41,40
40,40,40,40
40,40,40,40
40,40,40,41
41,40,40,40
40,40,41,40
40,40,40,40
40,40,40,40
40,40,40,41
41,40,40,40
40,40,40,40
40,40,40,40
40,40,40,40
40,40,40,41
40,40,40,40
40,40,40,40
40,40,40,40
40,40,40,40
40,40,40,41
40,40,40,40
40,40,41,40
40,40,40,40
40,40,40,40
40,40,40,41
40,40,40,40
40,40,41,40
40,40,40,40
40,40,40,40
40,40,40,40
40,40,40,40
40,40,41,40
40,40,40,40
40,40,40,40
40,40,40,40
40,40,40,40
40,40,40,40
40,40,40,40
40,40,40,40
40,40,40,40
40,40,40,40
40,40,40,40
40,40,40,41
40,40,40,40
40,40,40,40
40,40,40,40
40,40,40,40
40,40,40,40
40,40,40,40
40,40,41,40
40,40,40,40
40,40,40,40
40,40,41,41
40,40,40,40
40,40,41,40
40,40,40,40
40,40,40,40
40,40,40,40
40,40,40,40
40,40,41,40
40,40,40,41
40,40,41,40
40,40,40,41
41,40,40,40
40,40,41,40
40,40,40,40
40,40,40,40
40,40,40,40
40,40,40,40
40,40,40,40
40,40,40,40
40,40,40,40
40,40,40,40
40,40,40,40
40,40,41,40
40,40,40,40
40,40,40,40
40,40,40,40
40,40,40,40
40,40,40,41
40,40,40,40
40,40,41,40
40,40,40,41
40,40,40,40
40,40,40,40
40,40,40,40
40,40,40,40
40,40,40,41
40,40,40,40
40,40,41,41
40,40,40,40
40,40,40,40
40,40,40,40
40,40,40,40
40,40,41,40
40,40,40,40
40,40,40,40
40,40,40,41
40,40,40,40
40,40,41,40
40,40,40,40
40,40,41,40
40,40,40,40
40,40,40,40
40,40,40,40
40,40,40,40
40,40,40,40
40,40,40,40
40,40,40,40
40,40,40,41
40,40,40,40
40,40,40,40
40,40,40,40
40,40,40,40
40,40,40,41
40,40,40,40
40,40,40,40
40,40,40,40
40,40,40,40
40,40,40,41
40,40,40,40
40,40,40,40
40,40,40,40
40,40,40,40
40,40,40,41
40,40,40,40
40,40,41,40
40,40,40,40
40,40,40,40
40,40,40,40
40,40,40,40
40,40,40,40
40,40,40,40
40,40,40,40
40,40,40,40
40,40,40,40
40,40,40,40
40,40,40,40
40,40,40,40
40,40,40,41
40,40,40,40
40,40,41,40
40,40,40,40
40,40,40,40
40,40,40,41
40,40,40,40
40,40,40,40
40,40,40,40
40,40,40,40
40,40,40,40
40,40,40,40
40,40,40,40
40,40,40,40
40,40,40,40
40,40,40,41
40,40,40,40
40,40,40,41
40,40,40,40
40,40,40,40
40,40,40,40
40,40,40,40
40,40,40,40
40,40,40,40
40,41,40,40
40,40,40,40
40,40,40,40
40,40,40,40
40,40,40,40
40,40,40,40
40,40,40,40
40,40,40,40
40,40,40,41
40,40,40,40
41,40,40,40
40,40,40,40
40,40,40,40
40,40,40,41
40,40,40,40
40,40,40,40
40,40,40,40
40,40,40,40
40,40,40,40
40,40,40,40
40,40,41,40
40,40,40,40
40,40,40,40
40,40,40,41
40,40,40,40
40,40,40,40
40,40,40,40
40,40,40,40
40,40,40,41
40,40,40,40
40,40,40,40
40,40,40,41
40,40,40,40
40,40,40,40
40,40,40,40
40,40,40,40
40,40,40,40
41,40,40,40
40,40,40,40
40,40,40,40
40,40,40,40
40,40,40,40
40,40,40,40
40,40,40,40
40,40,40,40
40,40,40,40
40,40,40,40
40,40,41,40
40,40,40,41
40,40,40,40
40,40,40,41
40,40,40,40
40,40,40,40
40,40,40,40
40,40,40,40
40,40,40,40
40,40,40,40
40,40,41,40
40,40,40,40
40,40,40,40
40,40,40,40
40,40,40,40
40,40,41,40
40,40,40,40
40,40,40,40
40,40,40,40
40,40,40,40
40,40,41,40
40,40,40,40
40,40,40,40
40,40,40,40
40,40,40,40
40,40,40,40
40,40,40,40
41,40,40,40
40,40,40,40
40,40,40,40
40,40,40,40
40,40,40,40
40,40,40,40
40,40,40,40
40,40,40,40
40,41,40,40
40,40,40,41
40,40,40,40
40,40,40,40
40,40,40,40
40,40,40,40
40,40,40,41
40,40,40,40
40,40,40,40
40,40,40,40
40,40,40,40
40,40,40,40
40,40,40,40
40,40,40,40
40,40,40,40
40,40,40,40
40,40,40,41
40,40,40,40
40,40,40,40
40,40,40,40
40,40,40,40
40,40,40,41
40,40,40,40
40,40,40,40
40,40,40,40
40,40,40,40
40,40,40,40
40,40,40,40
40,40,40,40
40,40,40,40
40,40,40,40
40,40,40,40
40,40,40,40
41,40,41,40
40,40,40,40
40,40,40,40
40,40,40,40
40,40,40,40
40,40,40,40
40,40,40,40
40,40,40,40
40,40,40,40
40,40,40,40
40,40,40,40
40,40,40,40
41,40,40,40
40,40,40,40
40,40,40,40
40,40,41,40
40,40,40,41
40,40,40,40
40,40,40,40
40,40,40,40
40,41,40,40
40,40,40,40
40,40,40,40
40,40,40,40
40,40,40,40
40,40,41,40
40,40,40,40
41,40,40,40
40,40,40,40
40,40,40,40
40,40,40,40
40,40,40,40
41,40,40,40
40,40,40,40
40,40,40,40
40,40,40,41
40,40,40,40
40,40,41,40
40,40,40,40
40,40,40,40
40,40,40,40
40,40,40,40
41,40,40,40
40,40,40,40
40,40,40,40
40,40,40,40
40,40,40,40
40,40,40,40
40,40,40,40
40,40,40,40
40,40,40,40
40,40,40,40
40,41,41,40
40,40,40,40
41,40,40,40
40,40,40,40
40,40,40,40
40,41,41,40
40,40,40,40
41,40,40,40
40,40,40,40
40,40,40,40
40,41,40,40
40,40,40,40
40,40,40,40
40,40,41,40
40,40,40,40
40,41,41,40
40,40,40,40
41,40,40,40
40,40,40,41
40,40,40,40
40,41,41,40
40,40,40,40
41,40,40,40
40,40,40,40
40,40,40,40
40,41,40,40
40,40,40,40
41,40,40,40
40,40,40,40
40,40,40,40
40,41,40,40
40,40,40,40
40,40,40,40
40,40,40,40
40,40,40,40
40,41,40,40
40,40,40,40
41,40,40,40
40,40,41,40
40,40,40,40
40,40,40,40
40,40,40,40
40,40,40,40
40,41,40,40
40,40,40,40
41,40,40,40
40,40,40,40
40,40,40,40
41,40,40,41
40,40,40,40
40,40,40,40
40,40,40,40
40,40,40,40
41,40,41,40
40,40,40,40
40,40,40,40
40,41,40,40
40,40,40,40
40,41,41,40
40,40,40,40
41,40,40,40
40,40,40,40
40,40,40,40
40,41,40,40
40,40,40,40
40,40,40,40
40,40,40,40
41,40,40,40
40,40,41,40
40,40,40,40
40,40,40,40
40,40,40,40
40,40,40,40
40,41,40,40
40,40,40,40
41,40,40,40
40,40,40,40
41,40,40,40
40,41,40,40
40,40,40,41
40,40,40,40
40,40,40,41
40,40,40,40
40,40,40,40
40,40,40,40
40,40,40,40
40,40,40,41
40,40,40,40
40,41,40,41
40,40,40,40
40,40,40,40
40,40,40,40
40,40,40,40
40,41,40,40
40,40,40,40
41,40,41,40
40,40,40,40
40,40,40,40
40,40,40,41
40,40,40,40
41,40,40,40
40,40,40,40
40,40,40,40
40,40,40,40
40,40,40,40
40,40,40,40
40,40,40,40
41,40,40,40
40,40,40,40
40,40,40,40
40,40,40,40
40,40,40,40
40,40,40,40
40,40,40,40
40,40,40,40
40,40,40,40
40,40,40,40
40,40,40,40
40,40,40,40
40,40,40,40
40,40,40,40
40,40,40,40
41,40,40,40
40,40,40,40
40,40,40,40
40,40,40,40
40,40,40,40
41,40,40,40
40,40,40,40
40,40,40,40
40,40,40,40
40,40,40,40
40,40,40,40
40,40,40,40
40,40,40,40
40,40,40,40
40,40,41,40
40,40,40,40
40,41,40,40
40,40,40,40
40,40,40,40
40,40,40,40
40,40,40,40
40,41,40,40
40,40,40,40
40,40,40,40
40,40,40,41
40,40,40,40
40,40,40,40
40,40,40,40
40,40,40,40
40,40,40,40
40,40,40,40
40,40,40,40
40,40,40,40
40,40,40,40
40,41,40,40
40,40,40,40
40,40,41,40
40,40,40,40
40,40,40,40
40,40,40,40
40,40,40,40
40,40,40,40
40,40,40,40
41,40,40,40
40,40,40,40
40,40,40,40
40,40,40,40
40,40,40,40
40,40,40,40
40,40,40,41
40,40,40,40
40,40,40,40
40,40,40,40
40,40,40,40
40,40,40,40
40,40,40,40
40,41,40,40
40,40,40,40
40,40,40,40
40,40,40,40
40,40,40,40
40,40,40,40
40,40,40,40
41,40,40,40
40,40,40,41
40,40,40,40
40,40,41,40
40,40,40,40
40,40,40,40
40,40,40,41
40,40,40,40
40,41,40,40
40,40,40,40
40,40,41,40
40,41,40,40
40,40,40,40
40,40,40,40
40,40,40,40
40,40,40,40
40,40,40,40
40,40,40,40
40,40,40,40
40,40,40,40
41,40,40,40
,,,
,,,
,,,
,,,
,,,
