Count-435,Count-436,Count-435,Count-436
7057,1660,6692,2201
6059,1641,6110,1912
6248,1674,6388,2085
6380,1592,6332,1729
5891,1672,5890,2102
5919,1486,5479,2230
5527,1721,5416,2037
5223,1431,4844,2223
5663,1690,5710,1870
5608,1495,5296,2011
4889,1542,4060,1973
4875,1350,4395,2004
4227,1459,3991,2074
4077,1723,3801,2170
4212,1593,3985,2134
4100,1755,3989,2021
3921,1363,3851,2001
3939,1717,4041,2599
3670,1599,3696,2726
4125,1903,3452,2647
3767,2061,3530,2778
3660,2392,3475,2711
3308,2272,3473,2507
3712,2626,3294,2721
3266,2508,3734,3474
3378,3147,3162,3757
3201,3481,3411,3686
3220,3589,3266,3822
3254,3584,3178,4014
3190,3938,2977,4632
3149,4755,2974,4903
2417,4779,2991,4953
2857,5298,2834,4854
2645,5161,2868,5122
2574,5444,2746,5443
2609,5870,3048,6319
2356,6342,2398,6687
2031,5883,2424,6608
2147,6663,2452,6738
1916,7373,2275,7167
2034,6953,2070,6269
2050,7427,2407,6509
1831,7373,2740,6307
1539,7419,2282,6806
1608,7611,2262,6859
1445,7184,2236,7072
1418,7954,2163,6855
1224,8063,2410,6548
1601,7529,1911,6844
1570,7963,2329,6570
1377,7292,2334,6315
1460,7213,2368,6414
1341,7149,2727,6096
1588,7271,2461,6639
1413,6424,2611,6292
1305,6960,2884,6357
1418,6472,2869,5925
1401,6625,2640,6189
1469,6053,3098,5676
1441,6427,3327,5594
1405,6301,3106,5602
1290,5815,3317,5463
1223,5663,3062,5191
1405,5395,3568,5025
1208,4715,3816,5502
1355,4442,3990,4660
1502,4114,4218,4508
1596,3331,3666,4361
1482,2940,4348,4263
1583,2920,4173,3710
2073,2817,5021,3828
1798,2402,5183,3264
1899,2103,5238,3270
2165,1992,5319,3059
2311,1739,5320,2902
2270,1878,5930,3257
2718,1297,6005,2763
2540,1876,6642,3040
2856,1638,6984,3021
3249,1517,7801,2581
3802,1526,8523,3101
3542,1255,8558,2950
4188,1409,9467,3021
4472,1571,10443,3319
4492,1734,10913,3668
5014,1777,11772,3510
4646,1638,12036,3584
5193,1450,12606,3562
5968,1617,12141,3657
5781,1620,12978,3426
6348,1806,12630,3777
6639,1690,13100,3477
6550,2046,13777,3600
7212,1831,13010,3468
7471,1816,13708,3685
8292,1555,13681,3678
7735,1915,13867,4030
8179,2005,14427,3735
9163,1999,14506,3543
8942,2094,14669,3840
9286,2123,15004,3838
9609,1900,15791,3580
10442,2037,14964,3627
10662,2165,15278,3594
11069,2073,15422,3851
11063,2191,15193,3970
11480,2041,15506,3704
11667,2237,15535,3770
11472,2104,15319,3416
11265,2575,14921,3418
11115,2264,14687,3480
11622,2232,14509,3252
12077,2365,14737,3755
10868,2124,13636,3600
11326,2207,13763,3603
11192,2095,13879,3435
10363,2002,14080,3131
10409,2321,13266,3196
9871,1957,12697,3228
9930,2063,11742,3296
9267,1810,11783,3020
8145,1961,11783,2884
8793,1839,10999,3081
7781,1805,10592,2945
7711,2102,10349,3012
7535,1696,10513,2967
7384,2010,9467,2886
6345,1939,8991,2792
5641,1662,8767,3091
5555,1609,9208,3018
5386,1807,8533,3029
4612,1650,8398,3086
4811,1833,7633,2735
4540,1585,7528,2947
3764,1908,7512,2929
3572,1984,6890,2956
3556,1839,6324,2899
3470,2065,5948,2932
3032,1980,5908,2894
2575,1745,4968,2757
3114,1759,5017,2728
2541,1953,4842,2749
2430,1929,4860,2805
2464,1986,4489,2649
2443,1817,4183,2936
2475,2112,4034,2547
2191,2423,3939,2967
2197,1819,4089,2616
1889,1864,4230,2910
2187,2104,3839,2696
2139,1961,3793,2625
2324,2167,4019,2736
2091,2068,4512,2853
2376,1689,3446,2638
2345,1953,4139,2728
2551,1797,3636,2595
2448,1816,3448,2404
2902,2142,3617,2417
2912,2303,3876,2672
2955,1847,3868,2416
3416,2125,4316,2539
3412,2315,4448,2570
3692,2092,4609,2250
3943,1728,4833,2535
4974,1774,4814,2125
5049,1857,5567,2489
4976,2191,5252,2301
5374,2134,5460,2394
5603,1881,5667,2242
5952,2271,6080,2297
6652,2103,6590,1985
7220,2090,6790,2386
6740,1922,7208,2174
7745,1982,7213,2399
8117,1978,7009,2611
8632,2266,7218,2311
8780,1686,7570,2213
8879,2323,7619,2552
9079,2411,7968,2122
8966,2259,7861,2216
8695,2115,7667,2200
9020,1906,8406,2007
8652,2173,7080,2609
8483,2321,7466,2372
8149,2502,6795,2275
8289,2220,7180,2419
8265,2247,7423,2418
7598,2168,6848,2422
7905,1778,6130,2130
7259,1904,6684,2165
6547,2169,5767,2558
6595,1947,5702,2035
6603,1552,5514,2326
5594,1638,5237,2127
5692,1686,5122,2021
5001,1883,4746,1964
4974,1634,4359,1951
4747,1662,3856,1972
4526,1621,4128,1991
3712,1457,3553,1857
3521,1175,3407,1674
3074,1194,2926,1551
2665,1185,2530,1427
2444,1195,2358,1728
2378,1133,2349,1702
1921,1300,2152,1407
1743,1361,2087,1571
1619,1179,1667,1705
1755,1319,1657,1457
1351,972,1730,1375
1458,1179,1599,1637
1256,1093,1692,1484
1159,994,1580,1425
1288,1111,1555,1588
1143,1127,1526,1740
1266,1147,1204,1479
1237,1280,1722,1655
1415,1193,1541,1680
1173,1071,1346,1410
1078,1208,1518,1680
1521,1140,1287,1698
1265,1195,1644,1571
1335,1368,1492,1484
1409,1048,1582,1700
1079,1412,1692,1815
1177,1165,1698,1610
1144,1278,1383,1639
1090,1231,1340,1530
1062,1458,1611,1684
1188,1421,1480,1882
1005,1560,1545,1763
1241,1502,1630,1773
1299,1329,1807,1586
1074,1364,1670,2126
1320,1500,1412,1933
1171,1582,1661,1746
1181,1534,1784,1836
1212,1196,1712,2033
1115,1407,1391,1839
1231,1874,1431,1823
1149,1406,1542,1590
1126,1305,1415,1773
1104,1418,1447,1705
1432,1330,1360,1634
1146,1383,1335,1667
1115,1180,1506,1818
1048,1086,1419,1852
997,1475,1568,1757
1132,1299,1523,1912
1209,1276,2013,1725
1347,1256,1452,1803
1262,1523,1629,1956
1229,1611,1689,1994
1128,1600,1508,2032
1301,1653,1696,2185
1303,1609,1805,2214
1536,2070,1699,2843
1593,2487,2089,2742
1624,2555,2342,2827
1701,2483,2098,3321
1666,2506,2302,3768
1555,2898,2448,3475
2223,3004,2800,4260
2411,3512,2645,4210
2433,3949,2968,4933
2533,4203,3023,5705
2817,4441,3026,5099
2812,4981,3406,6089
3464,4902,3335,6062
3478,5310,3289,6194
3353,5918,4162,6323
4098,6212,3938,6139
4107,6651,4428,6759
4692,7169,4837,6402
4982,6382,4778,7396
4605,7046,5299,7189
5267,7357,5019,7128
5110,6956,5260,7577
5544,7437,5174,7557
5443,7338,5513,7731
5612,7063,5606,7595
4953,7524,5165,7702
5619,8069,5175,7857
5618,7655,6178,7264
5309,7277,5236,8165
5030,6852,5036,7621
5349,7436,4830,7634
5003,7438,5335,7953
4572,7138,4452,7524
4649,6852,4509,7378
3761,6778,3675,6894
4232,6094,4225,6206
3395,6853,3380,6422
3051,5965,3347,6714
3173,6340,2757,5903
2633,6708,2735,5783
2224,6715,2516,5507
2353,5591,2654,5601
1929,5300,2109,4747
1875,5175,2082,5209
1590,5393,2085,4581
1746,4992,1976,4980
1764,4743,1854,5351
1497,4969,1933,4571
1691,4706,1549,5017
1518,5316,1883,4736
1523,5349,1836,4504
1585,4886,2094,4849
1817,5405,1876,4714
1658,4994,2038,4827
1623,5091,1907,4830
1478,4962,2035,4662
1620,5104,2217,4928
1770,4619,1963,4866
1661,5298,2361,5053
2089,4882,2847,4690
2082,5197,2570,5204
2293,5383,2842,5350
2388,5348,3198,4984
2308,5368,3543,5346
2577,5466,3383,5164
2759,5421,3428,5041
2904,5412,4404,5711
3129,5949,4879,5675
3443,6015,4702,6165
3926,6030,5143,5562
3786,5852,5949,6505
4124,5932,6481,6087
4854,6760,6632,6751
5079,6489,7731,7179
5730,6771,7505,6566
6475,6363,8562,7349
6981,6540,8684,7026
7535,6285,9869,7315
8623,7563,10602,6964
9154,6845,11827,7066
9827,7493,11613,7019
11004,8064,13365,7638
12000,8382,13963,8835
13503,8006,15678,7521
14242,7877,17096,7624
15479,8355,18160,7846
15523,8513,19248,8013
18312,7893,19880,8159
19768,8448,20472,8466
19816,7800,21416,8771
21400,7575,21832,8464
23192,7779,22016,8132
23840,7052,23152,7691
25328,7629,23440,7930
24008,7967,23680,7863
24808,7332,23168,7583
24376,7266,22688,7393
25136,6967,23368,6339
24456,7617,22032,6669
24592,6482,22208,6428
23216,6263,21272,5158
22624,5872,19856,6223
23056,5355,20096,5555
22288,5458,18088,5014
20680,5431,18416,5257
19240,5023,17840,5341
19088,4926,15871,5037
16864,4333,14529,4511
15758,4562,13823,4388
14419,4150,13237,4148
13126,4261,12121,4129
11486,3644,10859,4064
10925,3365,9767,3751
8749,3277,9483,3426
8258,3289,8000,3497
6558,2887,7129,3589
6295,3179,5632,3325
5218,2870,5597,3291
4452,2475,5186,3516
4035,2625,4308,3085
3767,2595,4174,3092
3303,2966,4214,3313
2924,2717,3814,3384
2956,2633,3955,2912
2738,3203,3879,3110
2942,2587,3478,3171
2683,2785,3520,3168
3071,2773,3451,3337
3193,3053,3891,3265
3349,2945,4092,3053
3404,2960,4237,2931
3565,3026,4011,3180
4152,2926,4271,3327
4453,2869,4967,3325
5294,3084,5250,3361
5578,2981,5546,3250
5673,3245,6144,3605
6392,3487,6010,3549
6325,3204,6878,3564
7258,3264,6831,3398
8143,3658,7264,3542
8582,3144,7940,3862
9603,3101,8664,3498
10052,3664,8815,4288
11051,3453,9768,3788
10722,3921,9842,3710
10954,3712,10578,4283
10764,3666,10362,3987
12219,3684,11212,3840
11322,3671,11884,4248
11662,3775,12141,4311
10781,3288,11728,5034
10988,3902,11820,4275
11251,3597,11940,4556
11042,4080,12066,4472
10759,4080,12146,4998
10276,3899,12274,5235
9430,3975,13049,4677
10618,4980,12391,5960
9355,4931,12146,5715
8232,5375,12972,6443
8482,6212,12490,7185
7866,6659,12257,7848
7272,6684,13188,8407
7181,7354,11475,9677
5974,8812,12209,10586
5828,9559,12620,10738
5170,10721,12665,13264
4550,11772,12205,14097
4317,13440,11904,15542
4165,15555,12239,17520
3689,17056,12164,19696
3727,18944,11342,21472
3008,20992,11319,23216
3271,22920,11409,24656
3100,26192,11935,28608
3019,29704,11572,30040
3158,33328,11712,31632
3139,36080,11219,33152
2990,40320,10956,37800
3619,44368,10465,38920
2980,47336,10336,41584
3250,51424,10190,43560
3314,54152,10765,44992
2908,58832,10013,47712
3100,60304,9058,51776
2924,63016,8693,53872
2828,66888,8577,55168
2974,69984,7550,56648
3197,72520,7465,57296
3009,75344,7216,59000
2966,78080,6705,60440
2922,79488,5963,62712
2757,79904,6205,63976
2869,80728,6034,64392
2764,81792,5626,66432
2860,80224,5050,65056
2477,82856,4926,65432
2423,80000,4913,64136
2222,81784,4496,65392
2065,79000,4565,65560
1998,75896,5144,63368
2328,75384,4513,61896
2484,72064,4404,60544
2488,68424,4865,59600
2658,65224,4297,57880
2536,59536,4262,55048
2480,54416,4270,50832
2522,49728,4715,47264
2737,46304,4744,41808
2555,41968,4459,39776
2929,36920,4408,34856
3159,33936,4590,31128
2387,29384,5280,28504
2820,26496,4890,24456
2744,22760,4608,22768
3070,21720,5036,20304
3150,19176,5147,18376
3211,16880,5043,16616
3513,15463,5378,14884
3456,14549,5593,14359
3270,13828,5269,13314
3274,12507,5274,12242
3564,11740,5329,11447
3432,11665,5746,11733
3340,10948,5458,10750
3409,10406,5340,10685
3726,10196,5675,10382
3433,10309,5386,10177
3462,9226,5186,8923
3865,9188,6240,8959
3701,9259,5615,9286
3629,9163,5144,9640
3364,8976,5352,9424
3656,8606,5457,8858
3701,9514,5668,9452
3393,8400,5358,8634
3570,8716,5055,8152
3495,8705,5318,8827
3763,7806,5330,8659
3437,8714,4914,8175
3516,8095,4923,8587
3555,8547,5135,8363
3195,7895,5345,7483
3110,7952,4800,8583
3342,7833,5063,8383
3313,8324,4467,7596
3323,7328,4325,8858
3139,8207,4386,7735
3398,7466,4879,7716
3502,7018,4564,7601
3462,7429,4428,7760
3611,7482,4643,8088
3797,7931,4808,8268
3598,8246,4589,8144
4318,8808,4670,7947
3749,8856,4680,8508
4582,9386,5037,9223
4213,10148,4916,9298
4763,10669,5088,9960
4579,11052,4476,10396
4551,12951,5710,11211
5162,13872,5449,11857
5300,15182,5769,13664
5572,15511,5419,16000
5825,18840,5480,18096
6039,20280,6414,19920
6386,22968,6503,21544
6869,24936,7007,24616
7279,27824,6898,27416
8041,33032,7214,30240
8705,35992,7961,32704
8683,40792,8058,37784
9137,47384,8979,39240
10114,52648,9039,43672
10220,59608,9195,49224
10440,66504,9548,55536
11691,71824,9722,60768
11770,79784,10221,66056
11923,84080,10341,69824
12160,92896,10649,75968
11954,97824,11201,81800
12114,99928,10048,87552
11849,106312,11066,91264
12082,111592,10501,95696
11633,118104,10469,98112
11824,121368,10820,98432
11155,127456,9851,98984
10264,130808,9967,102976
10844,133760,10051,99776
10618,136128,8954,101024
9604,135744,9123,100768
9541,130808,8143,103960
8507,126888,8241,98000
8524,122160,7724,96240
7992,115096,7479,90984
7113,105312,7100,87368
6960,95688,6821,81576
6659,88192,6888,74288
6303,77336,6292,69176
6097,68680,5621,58664
5928,60248,6144,52832
6290,50608,6071,46552
5055,44696,5232,39592
5063,38672,5515,34936
5616,32536,5550,30976
5740,30328,5436,26360
5149,26904,4933,23992
5193,24552,5214,20880
5049,22072,5815,19920
5062,20040,5657,19224
5159,19664,5934,18528
4885,19752,5716,18264
4594,20176,5472,16608
5221,19632,6265,17648
4931,18704,5590,17616
4784,19376,5864,16944
5151,20272,6120,18152
5158,19688,5967,19464
5923,20888,5486,17936
5242,22184,5940,19184
5597,23176,5725,19016
5378,22400,6322,20256
5608,23744,5631,19248
5248,23712,5838,20360
5313,25080,6254,20904
5755,24600,6190,20920
5656,26632,6580,21808
6581,29336,7125,21672
6589,28512,7438,21840
6826,28800,7216,22472
8319,29352,8278,23936
10038,32024,8963,25160
11885,32720,9512,26656
12642,30536,9848,28640
13856,27640,11363,30504
11825,23992,12654,31352
11234,21392,16760,30640
11318,20184,18336,31360
10549,21496,16113,28048
10444,22192,14748,22416
8992,21512,12079,20752
8233,22080,10952,18744
6821,21416,9807,19008
5042,21696,7905,18056
4720,20432,6402,16152
4308,19688,5623,16600
3021,16424,4704,14683
2975,14748,4086,13277
2790,12411,3339,12245
2724,10766,3071,11751
2733,9389,3106,11310
2595,8196,2835,8900
2650,6735,2752,7854
2372,6675,2592,7803
2374,5431,2559,6149
2578,5266,2444,5770
2921,4724,2825,5545
2589,4410,2963,4695
2837,4199,3030,4264
3348,3891,3045,3956
3214,4185,3177,3803
3608,3709,4058,3583
3570,3491,3579,4025
3637,3441,3568,3826
3367,3665,3584,3548
3795,4379,3766,4034
3301,3893,3495,3563
3018,4350,3404,4317
2875,3956,3497,4008
2461,4702,2953,3941
2233,3993,2978,4096
2517,3748,2900,4010
1984,4220,2564,4065
1763,3832,2416,3737
1748,3549,2247,3875
1426,3243,2233,3779
1481,3785,1727,3341
1534,3662,1519,3420
1289,3445,1638,3452
1661,3189,1411,3276
1356,3225,1278,3247
1400,3357,1420,2920
1496,3032,1768,3316
1366,3223,1383,2947
1490,3123,1728,2752
1345,3312,1521,3287
1435,3382,1539,3090
1511,3765,1621,3281
1265,3892,1369,3400
1534,5015,1818,3415
1470,5959,1405,3873
1718,7419,1526,4136
1606,9301,1640,4987
1618,12322,1162,6102
1676,15665,1477,7476
1809,20016,1834,9842
1974,22120,1863,12912
2109,26504,1753,15626
2510,29248,1753,19584
1862,30664,2121,21184
2119,31168,2071,23840
2019,31416,1919,23672
1980,30056,2046,23272
2163,27928,2234,23976
1855,27232,2181,24224
1739,26296,2122,23144
1894,24552,1724,22608
1675,24648,1894,22064
1906,27648,2124,20712
1710,28120,1893,22128
1788,33536,1655,22936
1633,36344,1735,26096
1480,42136,1339,26736
1413,47296,1575,32064
1738,49024,1768,35544
1718,48376,1636,37920
1699,51488,1579,40784
1805,48536,1343,39888
1651,46128,1989,41248
1799,44368,1945,39016
2175,39280,2010,35392
2175,34176,1898,32936
2219,28616,2105,28768
2272,26232,2134,26848
2236,22920,2177,22104
2445,19744,2352,20296
2422,16936,2176,17400
2205,15800,2332,16191
2099,14238,2213,14185
1938,13044,2141,12563
2036,12442,2015,11698
1959,12873,2257,11180
2033,12496,2081,10283
1844,13113,2072,10238
1890,14081,1818,11003
1786,14713,1699,11389
1664,16544,1697,12497
1470,19968,1651,13838
1683,24320,1703,15690
1713,29272,1793,18896
1685,32632,2024,23416
1622,41096,1796,26952
1782,47840,1799,32936
1748,56432,1533,39464
1959,63192,1993,47328
2180,72872,1894,54824
1862,78312,1971,62064
1930,83992,1889,64848
2237,83152,2260,68232
2149,83928,2030,68560
2340,80440,2073,70280
2417,74696,2340,66352
2731,69544,2304,62744
2711,59304,2408,57728
2962,50696,2482,51104
2915,43896,2655,44584
3088,35568,2589,37640
3826,30472,2786,32536
3554,22616,3297,25392
3775,18384,3522,21456
4200,14814,3569,17064
4348,11737,3943,15089
4202,10570,3948,11636
4143,8985,3643,9876
4065,8042,4131,8194
3904,7588,3930,7168
3629,6944,3374,7001
3532,6092,3406,6468
3111,5648,3115,5797
2771,5522,2791,5644
2305,4848,2449,4941
2134,5164,2457,5140
2094,4497,2315,5390
1974,4658,2347,4393
2000,4425,2191,4703
2117,4470,2320,4191
1778,4099,2076,4081
1715,4153,1540,4039
1783,4290,1794,4014
1513,3808,1807,3976
1778,3942,1693,3718
1844,3958,2134,3592
1824,3822,1553,3645
2092,3290,1957,3764
1634,3435,1790,3181
2048,4025,1874,3481
2130,3389,1860,3469
1722,3492,1935,3535
1733,3271,2042,3366
1528,3146,1751,3279
1853,3236,1872,3175
1755,2628,1909,3072
1533,2548,1729,3436
1665,2885,1561,2656
1504,2767,1468,2799
1610,2532,1442,2583
1611,2477,1614,1977
1598,2409,1571,2373
1877,2570,1373,2545
1758,2542,1786,2323
2059,2635,1454,2531
2112,2682,1857,2435
2369,2639,1861,2258
3112,3028,2398,3049
4112,3412,2643,2652
4628,3922,2993,3332
5922,3835,4112,3377
6960,4732,5084,3902
8486,4905,5647,4046
10316,5655,7494,4921
12006,6044,8767,4816
13746,6868,10022,5110
15482,7146,11863,5553
15850,7374,12638,6029
16568,6859,13782,6368
16496,7195,14283,6190
16056,6797,14309,6130
15193,7111,14986,5999
14483,6435,12713,6032
13694,5620,12933,6214
11855,6053,12067,5795
11005,5442,10398,5472
9554,5108,9747,5228
8294,4806,8589,4828
7592,4656,8071,4868
7021,4624,7838,4805
6242,4433,6431,4065
5968,4630,6335,4605
6089,4522,6179,4553
5604,4160,5917,4778
5539,4438,5706,4917
5182,4878,5194,4507
5482,4505,4824,4298
4982,4872,5129,4672
4687,4324,4217,4396
4305,4687,3910,4425
4695,4443,4798,4229
3854,4625,4112,4725
3841,4927,4158,4444
3815,4554,3754,4107
3785,4495,3185,4352
3522,4131,3554,3978
3672,4493,3144,3764
3699,4007,3369,3634
3491,4142,3423,4342
3823,4638,3097,3423
3780,4648,3536,3911
4719,4423,3453,4120
5025,4649,4028,4162
4902,5201,3827,4440
5358,5148,4757,4627
5893,5384,4568,4900
6224,5081,5469,4768
6306,6102,4815,5184
6097,6785,5037,5567
6911,7040,5284,5770
6756,7546,5541,6480
6594,7858,5945,6920
7510,8642,6617,7331
7250,8970,7149,7963
8183,9538,7485,8415
8791,10430,7834,8773
8104,10528,7952,9263
9062,10721,9359,9876
9323,10702,9137,10708
9415,11774,9434,10803
9010,12848,9425,11787
8496,14376,8835,13409
8569,16168,9566,15503
8022,19712,8643,17512
7266,24528,7984,20904
7510,30232,7325,25304
7860,38192,7254,31280
6680,46496,7502,38752
6975,53800,6537,48784
5752,63440,6324,58608
6084,69632,5580,66552
5993,76544,5879,77472
5485,83760,5760,83040
5836,88936,5835,89624
6267,90680,5835,94080
5972,93128,5981,93424
6080,88544,5856,92800
6089,85176,6235,90056
6172,80240,6378,86096
5651,74752,6170,79984
5462,68800,5629,72280
6231,61664,6322,65864
6111,51416,5973,56112
5368,43968,5741,47040
5496,36120,5461,40632
5546,28872,5279,33336
5428,23816,5020,27360
4854,21216,4398,22800
4632,16323,4311,18520
4745,12945,5036,15594
4768,11436,4204,12952
4284,9779,4259,11113
4388,8820,4159,9281
4383,8700,3756,8551
4702,8064,4246,7742
4251,7055,4360,7433
4188,7092,3563,6671
4091,6657,3740,6779
3833,6587,4002,5957
3975,6231,3632,5993
3133,6337,3602,6292
3186,6135,3635,5302
3012,5783,3357,5828
2781,5792,3037,5662
2503,5274,3047,5162
2626,4721,3016,4745
2963,4512,3151,4739
2519,4600,2780,4669
2890,4534,2722,4457
2230,5068,2497,4683
2471,5168,2600,4627
2727,5012,2699,4847
2641,4933,2399,4342
2309,5427,2558,4782
2362,5483,2412,4821
2613,6012,2439,5702
2454,6301,2393,5178
2368,6535,2829,5807
2450,7013,2415,6041
2506,6789,2582,6141
2229,7622,2186,5976
2517,7654,2842,6357
2571,8750,2556,6611
2718,8574,2264,7362
2689,9759,2609,7590
2676,9596,2634,8326
3093,10167,2505,8687
3204,11941,2598,8950
2836,11898,2820,9961
3027,12569,3052,10370
2891,13604,2938,9768
3006,14023,3231,10811
3049,15209,3073,11705
3159,15199,3213,11646
2894,17080,2987,11988
3030,15918,3155,12001
3222,15932,2645,12669
3433,15473,2711,13125
2821,14739,2804,12236
2896,14635,2858,12825
2621,13888,2964,11999
2814,12994,2599,12595
2540,11920,2649,11466
2469,11296,2308,10971
2439,10393,2779,10614
2644,10657,2244,9319
2661,8972,2385,8966
2525,8863,2580,8910
2318,8941,2759,8701
2426,8540,2444,7939
2399,8506,2508,8425
2470,8984,2455,8181
2614,9504,2695,8288
2511,9024,2516,8063
2797,9811,2872,7905
3117,10335,2947,7870
3314,10023,2768,8580
3344,9826,3369,8998
3090,10561,2829,8952
4015,10413,3596,8742
3939,10053,3740,8993
4390,10407,3253,9406
4074,9963,3783,9017
4962,9773,4329,8924
5355,9592,4046,8309
5791,8579,5074,8447
5241,8948,5336,8209
5503,8270,4875,7943
5303,7918,4832,7118
5747,7284,4969,6563
6002,7111,5351,6464
5455,6707,4978,6114
5553,6975,5855,6590
5962,7240,4678,6616
5070,8938,5178,7238
4973,9307,4456,7449
4910,10991,4267,8700
4200,15244,4367,10802
4656,19656,4561,13087
3850,28120,4157,17640
3976,39144,4010,23720
3875,48040,3858,31296
3331,65672,3653,41800
3982,81688,3670,53792
4091,102448,3857,70600
3648,130144,3719,87200
4370,157696,4029,108536
4120,183872,3696,127640
4135,211264,3825,151936
4471,236608,3453,174848
4810,256512,4383,188992
4854,265600,4223,205760
4936,279936,4442,221376
4345,280576,4835,224448
5005,280256,4314,227328
5237,273024,5047,223936
4894,257792,4420,219264
4432,239296,4341,211200
4825,217152,4342,195776
4459,187648,3957,177280
4431,162560,4400,157760
4436,136512,3997,139328
4491,116616,4203,121544
3687,97392,3733,100856
3595,78536,3340,84224
3233,64864,3268,70808
3111,52480,3528,58256
2809,42688,3236,46112
3121,34072,2729,39400
2785,29912,3086,32776
2922,25312,3009,26664
2601,21448,3059,23464
2855,18880,2661,19920
2944,17248,2699,17304
2737,15840,2666,15409
2688,14438,2959,14257
2529,14778,2623,13728
2841,13172,2684,13948
2504,13992,2630,12212
2650,12613,2205,11555
2510,13170,2544,11059
2290,12963,2306,11142
2764,12832,2272,10362
2443,12532,2147,10967
2252,12281,2188,10209
2510,12314,2382,10562
2363,12630,1945,10825
2309,12504,2181,10387
2152,12921,2254,9611
2246,11991,2389,10910
2369,13289,2267,10492
2227,13178,2524,11239
2302,13298,2433,11331
2198,13393,2531,10608
2386,12601,2315,11418
2496,12951,2281,10861
2453,13132,2587,11526
2749,12974,2519,11146
2788,14507,2899,12369
2674,15552,2664,14063
3345,17720,3314,14603
4091,19664,3884,17088
4471,22208,4274,17120
4928,27384,5113,21560
6235,33120,5633,25128
7239,41248,6592,31120
8366,50208,7792,37976
9175,63672,9272,45112
11681,76568,10717,56800
13209,92640,11986,69896
14437,113168,12701,88056
15871,130880,14517,101632
17552,152768,15353,116152
17408,175616,16224,133824
18896,192128,17672,152064
19088,209664,18752,166464
19544,216832,19960,175360
19488,226368,20064,179712
19376,225280,20824,185728
17992,221056,21064,187328
16976,212416,21280,181760
14810,202880,19256,174080
14229,179712,18656,163648
12488,165056,16672,148800
11760,139328,15626,134528
9841,122848,14359,117216
8358,101664,11863,102272
6797,84992,10737,87648
5878,69224,9551,72912
4634,56176,8120,60000
4163,45856,5741,47144
4161,36704,5685,39576
3548,30136,5269,31224
3229,24472,4364,25944
2787,20816,3731,20872
2586,18048,3335,17320
2712,15320,2847,14617
2846,13268,3101,13472
2824,13773,2587,11921
2667,11824,2787,11063
3306,11892,2623,10789
3032,12048,2758,9995
3306,11593,3088,10087
3022,12256,3279,10527
3028,11876,3525,10593
3294,12201,2789,10121
3777,11268,3246,9775
3347,11555,3553,9444
3663,10397,3328,9185
3624,10163,3265,9166
3399,9503,3436,7886
3283,8326,3417,7411
3186,7841,3363,7468
3671,7442,3421,7278
3922,6980,3419,6891
3883,6817,3885,6118
4563,6465,4281,6271
5904,6940,4716,5601
7193,6492,6042,5252
9197,6916,7173,6180
11248,7843,8784,6438
13726,8248,11479,6964
17216,9016,13846,7829
20704,9778,18152,8485
25248,10669,22424,9844
29664,11717,27688,10801
35000,13521,33072,11190
41264,14589,39136,13644
44000,15119,42984,15191
49224,16584,50624,16269
53832,18520,56392,17104
58600,19592,61280,18496
59280,19184,65096,19904
63536,19536,68416,21320
63208,21056,74544,23192
63640,20192,75648,21640
59816,19448,72792,20600
56584,18896,70560,21784
49896,17152,66816,19584
45144,16656,62720,18648
39624,14361,55944,17528
32872,13417,48728,16186
27552,12097,42272,14748
23296,10684,35792,13734
18536,10714,29968,12096
14519,10044,24472,11201
11924,8727,19184,10114
10044,8380,15855,8761
8619,8293,12955,8692
6793,7207,10747,8048
5985,7212,8973,7449
5363,6697,7133,6983
5167,6634,5987,6302
5038,6833,6018,6069
4001,6158,5137,5520
3965,6273,4804,5159
3545,5691,3866,5563
3285,5473,3947,4895
2892,4919,3436,4757
3073,5030,3666,4925
3526,4989,3392,4831
3314,5041,3219,4623
2946,5103,3203,4545
3204,5915,2856,4791
2853,5888,2783,4627
2826,6529,2772,4789
2940,6420,2971,5099
3171,6734,2914,5513
3034,7416,2898,5981
3183,8550,2970,5765
3352,8541,2961,6274
3763,9919,3122,7283
3565,10891,3211,7862
3863,11670,2916,8355
3874,12127,3457,9570
3756,13174,3554,9492
3928,13650,3562,9898
3735,13650,4016,10629
4025,14670,3506,12237
3787,14642,3578,11965
4191,14249,3361,11561
3609,15449,3353,12950
3643,14331,3830,12662
3285,13489,3445,10793
3412,13589,3085,12504
3568,13921,3111,10913
3293,13043,2704,12540
2835,12407,2818,11615
3019,11925,3052,10624
2790,11521,2777,10615
2605,11925,2449,10702
2916,11689,2683,9404
2543,10887,2526,9968
2576,11768,2301,9592
2668,11384,2481,9534
3182,11034,2737,9749
2858,11185,2831,9735
2640,11429,2908,9820
2521,10625,2948,8854
2664,11142,2793,9785
3143,10210,2476,9343
3037,9752,3211,9393
2940,9256,2688,8052
3354,9930,3150,8776
2799,8092,2766,8146
2525,8350,3033,7488
2515,8300,2918,7721
2439,7910,2644,7200
2479,7486,2508,6780
2612,7929,2751,6452
2499,7338,2468,5973
2374,7575,2327,5997
1937,7022,2453,5724
2343,7509,2207,6496
2362,7465,2263,6172
2731,6564,2445,6846
2119,6930,2234,5839
2187,6829,2336,6260
2134,7194,2522,6044
2063,6923,2351,6052
1898,6320,2100,6233
2112,6870,2160,6133
1980,6044,1750,5672
2065,7428,1825,5755
2221,7528,1786,6154
1957,7778,1727,7178
1762,8107,1793,6996
1993,10106,2283,7747
1794,8828,1951,7847
2140,10648,2127,8478
1959,10768,2059,8673
2423,11730,1997,9505
2446,13277,2279,9825
1906,12424,1912,10230
2053,13428,2130,10391
2220,13342,1910,11093
1971,13557,2184,9562
2212,12593,2083,10412
2339,11532,1984,10495
2140,11478,1683,10105
2273,11563,2533,9477
2343,10018,1966,9352
2455,9536,2410,8300
2392,7701,2186,7054
2458,8019,2084,7363
2411,7045,2076,6487
2426,6353,2463,6577
2967,6248,2589,5583
3000,5514,2657,4962
3044,5891,2723,6054
3077,5515,2725,5077
3472,5618,2812,5224
3271,5015,3114,4672
4030,5128,3672,5013
3952,4942,2913,5003
3562,4907,3412,5030
3742,5483,3421,4877
3431,5459,3168,4699
3418,5062,3480,4824
3739,5454,3371,5050
3321,5506,3480,4481
3351,5698,2745,4607
3058,5489,3454,4665
2776,5582,2740,4796
2610,5767,2385,4996
2492,6372,2534,5084
2229,5531,2408,4520
2420,5720,2037,5173
2670,5667,2138,4915
1971,5199,2233,4927
1905,5053,2287,5087
2180,5370,2170,4510
1923,4807,1762,5117
2089,4400,1933,4979
2282,4913,1939,4579
2013,4751,2018,4363
1971,5133,2111,4012
2142,5643,2166,4397
1834,5172,1951,4367
1951,5061,2211,4636
2059,5460,1948,4230
2257,4897,2016,4154
1960,5537,1841,4561
2081,5551,2048,5309
1974,5303,1996,5171
2189,5446,2108,5211
1522,5233,1954,4664
1914,5437,1855,4721
1788,4996,1923,4713
1658,4949,1710,4931
1395,4906,1840,4154
1761,4847,1998,4612
1855,4694,1752,4531
1932,4832,1724,4863
1891,4546,1953,4070
1868,4671,1879,4054
1780,4879,1670,4590
1917,4452,1954,4110
1677,4258,2128,4325
1879,4500,1986,4055
1852,4446,1634,4212
2143,4107,1823,4136
2310,4411,1987,4141
2005,4240,1926,3821
1977,3857,2186,3835
2193,4375,2160,4110
2365,4194,2217,3775
2232,4434,2115,4188
2041,3990,2524,3649
2221,3797,2512,3791
2150,3986,2198,3738
1871,3725,2380,3525
2081,3677,2147,3225
1823,4051,2036,3322
1848,3563,1988,3301
1760,3743,1749,3643
1793,4371,1993,3203
1705,3625,2026,3386
1540,3991,1774,3453
1747,3889,1622,3519
1660,3800,1787,3565
1767,3964,1975,3704
1666,4258,1714,3595
1955,4018,1896,3268
1918,4455,1973,4100
1707,4643,1811,4228
1930,4580,1812,4109
2004,4921,1723,4286
1736,5634,1963,4321
2148,5630,2116,5039
1772,6550,1777,4853
1989,7130,2143,5535
2299,8043,2075,6216
2334,9521,2210,6435
2004,11177,2110,7903
2166,12390,2224,9153
2058,14234,2298,9736
2509,16568,2173,11273
2115,19848,2013,12120
2272,20992,2060,13335
2117,20328,1933,14254
1994,22080,2034,15090
1937,23560,2104,16816
1899,21824,1831,17848
1784,21328,2133,17904
1406,20648,1892,17888
1824,19912,2210,17176
1433,17584,2130,16288
1630,16132,1794,15474
1448,13719,1988,14295
1725,12172,2008,12866
1799,11004,1643,10334
1644,9767,1729,9336
1583,7938,1766,8412
1646,6797,1451,7613
1661,5717,1843,6279
1674,4674,1600,5533
1545,5171,1781,4882
1755,3830,1530,4352
1437,3769,1596,3519
1706,3694,1844,3435
1680,3159,1636,3610
1784,3356,2075,3424
1910,3221,1907,3093
1844,2946,1829,3115
2177,3285,2131,2935
1826,3329,2162,3182
2049,2960,2268,2957
1630,3093,2101,3354
2009,2968,2425,2867
2191,2788,2130,3036
1985,3335,2021,3281
1874,3288,2040,3297
1743,3442,2203,3015
2035,3415,1897,3274
1746,3688,1846,3066
1749,3323,1961,3351
1911,3138,2077,3257
1981,3729,2038,3022
1876,3283,1874,2895
1865,3256,2039,3450
2026,3033,1835,3057
1688,2812,1960,3320
1859,2978,2004,2903
1872,3256,2017,3065
2084,2752,1776,2901
1970,3156,1947,2848
1806,2838,2051,3069
1730,2896,2001,3217
1685,3248,1718,3283
1934,3235,1900,3334
1683,3183,1940,2907
1719,2870,1924,2694
1803,3204,1681,3076
1564,2829,1791,2874
1779,2881,1726,2740
1762,2939,1605,2955
1692,2821,1632,2617
1666,2967,1729,2785
1680,2871,1628,2887
1917,3018,1715,2449
1651,2876,1867,2526
2007,2600,1839,2604
2121,2847,1729,2496
2174,2852,1878,2367
2394,2861,2076,2628
2879,3019,2338,2901
3588,3192,2579,2999
4063,3172,3308,3009
4632,3328,4014,2945
5449,3778,4754,3175
6808,4053,5296,3155
7542,4003,6332,3923
8205,4425,7236,3953
9538,4164,7979,3923
9888,4578,9464,3979
10422,4648,9549,4345
10836,4181,10541,4370
11116,4834,11106,3986
11584,4667,10799,4147
10144,4037,10981,4397
10028,4615,11060,4137
9865,3973,10257,4185
8655,4436,9590,4131
7745,3366,8864,3666
7492,3479,7380,3498
5755,3573,6834,3175
5063,3448,6235,3226
4368,2810,5372,3525
4047,3099,4494,3232
3720,2709,3802,2922
3233,3200,3902,2375
3067,3079,3171,3043
2866,3608,3317,2822
2489,3165,2693,3004
2669,3042,2632,2498
2391,2950,2304,3123
2520,3325,2675,3122
2061,3477,2540,3232
2376,3284,2294,3337
2221,3410,1923,2900
2177,3105,2041,3298
2004,3567,2174,2832
2252,3364,2225,3053
2240,3370,2070,3183
2134,3283,2212,3159
2404,3246,2370,3083
2219,3238,2237,3147
2029,3072,2235,2987
2037,3318,1960,3035
2270,3385,2072,3097
2011,3264,2362,3153
2183,3591,2165,3362
2184,3490,1980,3249
2110,3403,1970,3119
2091,3355,2245,2936
2220,3082,2016,3157
2227,3520,2301,3448
2160,3336,1961,3083
1961,3662,2139,3024
2005,3716,2169,3437
2408,3766,2262,3009
2023,3503,2066,3598
1887,3840,2312,3427
2252,3988,2041,3788
2319,3910,2397,3566
2108,3609,2347,3702
2054,4033,2430,3799
1957,4327,2069,3484
2309,3825,2076,4244
2077,4059,2255,3824
2077,4117,2081,3715
2317,4096,2338,3546
1807,4030,1971,4096
2094,4162,1810,3982
1966,4314,2082,4305
1867,4577,2123,3275
1954,4135,2040,4214
1837,4646,2425,4556
2061,4685,2052,4127
2145,4691,2096,4232
2154,4474,1826,4061
2433,4441,2309,4312
2481,4968,2389,4470
2273,4666,2329,4270
2799,4784,2710,4527
2350,4826,2222,4709
3177,5562,2535,4467
3079,4956,2789,5012
3631,5233,3006,4813
3845,5376,3134,4963
4251,5867,3467,4847
4509,5722,4006,4821
4775,6516,4017,5531
5004,6794,4539,5726
5425,6803,4901,6108
5191,6242,5258,5997
5564,6219,5403,6169
5367,6560,5276,6373
5057,7087,5470,6359
5194,6231,5393,7084
4734,6301,5203,6265
4208,6546,4877,6268
4554,5878,4853,6241
4824,5478,4543,6118
3538,5412,4383,6098
3467,6113,4211,5148
3391,5837,3695,5191
3808,5400,3832,5744
3372,6003,3579,5269
3066,5905,3426,4908
2901,5525,3579,5716
2834,6385,2970,5082
2708,5882,2572,6001
2721,6363,2714,5830
2532,6206,2673,5269
2791,7282,2587,6264
2431,6814,2597,6284
2372,6967,2701,6786
2607,6753,2352,7459
2491,7604,2369,6964
2290,7104,2473,7608
2428,6898,2393,7336
2419,6648,2576,7272
2262,6636,2224,7104
2341,7383,2468,7017
2188,6865,2485,7438
2753,6046,2241,6766
2462,6043,2322,6163
2805,5821,2445,5772
2688,5299,2485,5836
2640,5807,2952,5321
2632,4781,2524,5197
2527,5074,2320,4685
2548,4343,2559,4919
2587,4577,2109,4529
2583,4076,2331,3884
2364,3787,2493,3755
2027,3691,2269,3896
2248,3538,2487,3309
2304,3539,2319,3360
2413,3121,2302,3478
2656,3162,2277,2995
2599,2936,2317,3591
2727,2886,2250,2925
2777,2993,2866,3363
2637,3138,2723,3504
2791,3262,3034,3254
2730,3248,3071,3217
2710,3422,2843,3217
3005,3512,2884,3447
2902,3244,2953,3828
3014,3263,2761,3604
2912,3256,2856,2990
3108,3194,2816,3299
3347,3418,3048,3035
3082,3581,2671,3241
3422,3417,2889,3199
4280,3679,3492,3090
4505,4135,3160,3849
5157,4377,3413,3740
5989,4542,4042,3982
6569,5602,4418,3936
7782,6102,5132,4929
8680,6570,5689,5117
9528,8068,6652,5745
9884,8499,7472,6295
10805,8950,8084,6964
11374,10605,8510,7863
10658,11810,8837,8351
11132,12150,9279,9537
10265,12323,9481,9905
10280,12875,9432,11168
8888,14377,9155,12406
8276,15216,8960,12191
8037,13409,7878,12431
6512,13699,7341,12540
5852,13439,6190,12593
4938,11543,5839,11936
4458,11915,4878,11410
3529,10800,4625,11055
3516,9630,3992,10000
3040,8432,3400,8725
2859,8095,3155,7835
2432,6420,3089,6288
2305,5936,2722,5852
2223,5528,2311,5363
1916,5088,2411,5176
2291,3932,2219,4651
2146,4402,2319,4536
2148,3930,1894,4106
2021,3781,1906,3816
2242,3674,1900,4373
2007,4012,2022,3895
2092,4012,2110,3774
2357,3795,2269,3992
2263,3783,2233,3583
2314,3540,2277,3904
2145,4136,2272,3531
2200,3984,2146,3673
2358,3824,2340,3956
2475,3351,2554,3890
2731,3616,2815,3304
2617,4057,2709,3706
3275,4122,3058,4130
3189,4377,3222,3758
3841,4384,3210,3913
3493,3897,3130,3855
3493,3804,3728,4000
3986,4161,3422,3970
3560,4046,3524,3890
3552,4301,3931,3704
3538,4031,3540,3805
3674,3790,3166,3689
3488,3816,3265,3886
3478,3992,3010,3622
3573,3138,2967,3344
2992,3152,3060,3146
3146,3602,2876,3314
2665,2999,3015,2974
2750,3088,2805,3059
2890,2970,2447,3159
2833,2702,2761,2873
2322,2737,2425,3124
2462,2798,2518,2789
2456,2837,2424,2782
2110,2538,2109,2594
2766,2991,2729,2653
2128,3061,2315,2769
2073,3152,2088,2935
2193,3097,2090,2676
2344,2330,2268,3083
1979,2534,2003,2623
1897,2704,2176,2544
1864,2370,1978,2679
1860,2836,2173,2571
1979,2827,2016,2822
1806,2793,1664,2632
1783,2728,1814,2779
2044,2895,1813,2705
1928,2476,1914,2798
1842,2705,1827,2622
2457,2534,1800,2593
2288,2473,1890,2697
2695,2712,2387,2864
2582,2790,2330,2415
2449,2254,2440,2669
2520,2600,2032,2857
2746,2904,2189,2521
2803,2668,2139,3006
2455,2995,2319,3214
2964,2891,2322,2574
2684,2677,2425,2688
2446,2876,2583,2900
2436,2883,2647,2803
2295,3081,2048,3048
2237,2972,2320,2723
2154,2407,1922,2583
1980,2825,1858,2512
2371,2675,2005,3156
1803,2747,2024,2572
2061,2614,1910,2625
2133,2651,1992,2552
2149,2858,1893,2418
2200,2593,2033,2695
2437,2999,2162,2548
2208,2628,1925,2781
2445,2623,2196,2460
2638,2516,2236,2642
2575,2507,2091,2484
2879,2641,2498,2659
2478,2651,2557,2762
2784,2842,2662,2433
2855,2694,2770,2905
2992,2790,2945,2797
3278,2915,3106,2511
2773,2389,3110,2369
3056,2730,2926,2968
2945,3001,3129,2687
2958,2620,3100,3057
2769,2992,3376,3106
2527,2558,3021,3059
2883,2663,3148,3148
2721,2636,3015,2945
2535,2904,2859,2595
2575,2655,2862,2807
2109,2816,2791,2701
2549,2876,2788,2522
2710,2864,2716,2877
2603,2808,2710,3097
2407,2696,2767,2503
2257,3035,2463,2868
2037,2994,2403,3072
2203,2604,2524,2995
2222,2992,2521,2689
1807,2665,2186,2830
1906,3023,2293,2848
1834,3256,1983,3073
1757,3108,2068,2813
2057,3047,2384,3074
2194,3011,2196,3124
2088,2996,2085,3220
2017,3011,2385,3254
1723,3482,2081,3069
2091,3287,2061,3273
1965,3253,2138,3365
1894,3243,2253,3034
1817,2821,2733,3261
1944,3054,2309,2919
2261,2917,2333,3481
1958,3273,2090,2814
2195,2934,2132,2957
2069,2551,2068,2711
2062,2542,2289,2891
2317,2920,2111,3016
2023,2914,2713,2887
2275,2837,2379,3128
2010,3010,2045,3042
1977,2882,2334,2965
1947,2940,2427,2862
2111,3082,2574,3273
2130,2735,2628,3208
2684,2945,2238,3008
2396,3164,2609,2973
2632,2731,2439,2707
2222,2750,2415,3129
2508,2799,2555,3213
2314,3013,2502,2872
2108,2852,2581,2740
2272,2992,2381,3192
2292,3098,2344,3067
2391,2823,2248,2796
2224,3091,2530,3178
2507,2682,2517,2888
2419,3071,2512,2818
2560,2868,2318,3138
2279,2968,2529,3225
2814,3258,2434,2742
2951,3095,2412,3100
2601,2974,2669,3077
3062,3662,2596,2745
3157,3113,2997,2846
2926,3655,2872,3283
2671,3252,2747,2866
3079,3137,2972,3254
3081,3340,2888,3267
3309,3341,3241,2721
2857,3538,2842,3378
2965,3423,3174,3118
2891,3377,2665,3085
3006,3128,2765,3077
2808,3052,3029,2841
3148,2886,2913,2914
2636,3053,3299,2914
2851,2736,3169,2828
3403,2646,3191,2704
3685,2815,3219,3308
3501,2975,3470,2676
4040,2867,4028,2659
4469,2603,4255,2934
4291,2968,4011,2880
4186,2930,4266,3199
4613,2871,4828,2878
4713,2852,4485,3084
4697,2729,4265,2943
4620,2558,4610,3000
4134,2803,4595,2811
4055,3018,4110,2709
4112,2942,4290,2748
3443,2411,4150,2570
3326,2769,4246,2727
3485,2370,3860,2967
2947,2630,4446,2634
3051,2505,4085,2653
2931,2274,3326,2217
2487,2307,3656,2751
2569,2070,3142,2724
2489,2189,3764,2464
1985,2033,3569,2832
2512,1970,3434,2272
1815,2102,3099,2821
2154,2352,3498,2570
2362,2502,3352,2412
2465,2127,3424,2744
2584,1987,3559,2285
2437,2328,3573,2420
2984,2360,3757,2559
3392,2207,4246,2423
4148,2620,4823,2912
4417,2634,4721,3145
4989,2735,4449,3381
6557,2861,5381,3283
6562,2903,6083,2946
7144,3069,6532,3254
8471,3215,7440,3543
9534,3380,7776,3339
9293,3574,8343,3450
9660,3894,9059,3604
9048,3369,9158,3236
9276,3434,8724,3815
8375,3373,9185,3709
7946,3530,8676,3510
7920,3576,8294,3849
5885,3365,7404,3669
6378,3600,6590,3638
5549,3719,6244,3542
4520,3748,5636,3625
4084,3356,4429,3715
3694,3483,4298,3540
3733,3070,4072,3695
3042,3517,3558,3527
2638,3335,3131,3548
2164,3509,3094,3419
2464,3299,2859,3692
2248,3573,2678,3524
2492,3438,2463,3736
2067,3457,2510,3383
2023,3321,2188,3307
2203,2855,2339,3063
2056,3026,2319,3352
2111,3248,2371,3197
1952,3071,2444,3626
2074,3289,2307,3449
2253,2975,2316,3252
1522,3263,2258,3729
2013,3678,2095,3716
1674,4055,2699,3742
1843,4125,2052,3976
2082,4356,2387,4124
1774,4069,2142,4019
1581,4696,2080,4478
2010,4364,2259,4695
1698,4345,2096,4348
1584,4584,2327,4639
1991,4253,2486,4269
1854,4186,2410,4137
1974,4317,2195,4043
2059,3657,2335,4436
1981,3848,2421,4105
2059,3844,2124,3926
2219,3387,2195,3599
1736,3499,2126,3486
2032,2940,2213,3215
2356,2890,2191,3007
2192,3058,2320,2736
2430,2761,2033,3009
2244,2773,2347,2798
2282,2858,2606,2921
2186,2938,2404,2711
2043,2521,2171,2748
2348,2587,2382,2829
2313,2848,2437,2821
1988,2646,2486,2722
2129,2512,2547,2649
2084,2396,2456,2858
2167,2736,2244,2798
2300,2539,2353,2570
2039,2801,2473,2546
2059,2569,2294,2710
2307,2406,2660,2722
2408,2307,2475,2853
2215,2333,2286,2625
2182,2576,2540,2253
2395,2347,2438,2423
1906,2319,2397,2725
1934,2578,2588,2632
2062,2419,2688,2640
2069,2351,2792,2784
2100,2766,2532,2353
2307,2629,2825,2330
2286,2382,2916,2325
2352,2499,2728,2709
3112,2487,2962,2793
3741,2654,3003,2644
4157,2864,3179,2957
4871,3261,3992,3002
5939,3166,4364,3255
7679,3657,5848,3414
9140,3801,7083,3563
11985,4377,8692,3445
13257,4622,10677,3780
15370,5112,11722,4390
18344,5614,13172,4663
18856,5821,15993,4988
19560,5805,17592,5373
20256,5897,18104,5903
20768,6414,18976,6436
20272,6407,19376,5840
21040,5964,20080,6150
18672,5570,20184,6116
19312,5907,18856,5805
16712,5556,16888,6437
16151,5179,18312,5658
14750,5311,15954,5927
13569,4694,14257,5357
12445,4903,13697,5338
12156,4700,12846,4826
11918,4956,12201,5306
11642,4234,11596,4532
10890,4404,10930,5045
10231,4326,11066,4417
9990,4065,10113,4611
8695,4397,10195,4641
8885,3942,9534,4091
8318,3760,8961,3940
8090,3771,7914,4110
7228,3442,8146,3745
6997,3713,7362,3832
6342,3548,7391,3968
6029,3302,6873,3175
5944,3208,6622,3206
5588,3353,5349,3239
4897,3313,5073,3144
4988,3019,5198,3006
5104,3042,5320,3285
4207,2776,4776,3311
4134,3017,4376,3189
4719,2872,4519,3285
4433,2878,4416,3134
4709,2679,4342,3164
4309,2932,4230,2941
4751,2977,4425,2731
4773,3048,4795,3280
4992,2954,4374,3004
5903,3038,5232,3124
6224,2968,5229,3469
6986,3524,5586,3383
8176,3489,7042,3372
9052,4345,7422,3786
10125,3767,8136,3776
11115,4481,8891,4310
12422,4409,11332,4467
14110,4735,11192,4249
13462,4903,12782,4806
15317,5185,13507,4649
15154,4828,13705,5037
15396,5258,14481,5582
16091,5283,15068,4848
15543,5280,14859,5094
14531,4646,14896,5069
13543,5244,13272,4887
12514,4266,12615,4689
11898,4707,12887,4817
11479,5056,10945,4519
0,0,12007,4042
0,0,0,0
0,0,0,0
0,0,0,0
0,0,0,0
0,0,0,0
0,0,0,0
0,0,0,0
0,0,0,0
0,0,0,0
0,0,0,0
0,0,0,0
0,0,0,0
0,0,0,0
0,0,0,0
0,0,0,0
1,0,0,0
5,4,1,1
10,8,6,4
13,12,10,8
17,16,13,12
19,18,17,15
22,22,19,19
24,23,22,21
26,25,24,23
28,27,26,26
29,28,28,27
30,30,29,29
32,31,31,30
32,32,32,31
34,33,32,32
34,33,34,33
35,35,34,34
35,34,35,35
35,35,35,35
36,36,35,36
36,36,36,36
37,37,36,36
37,36,37,37
37,37,37,36
38,37,37,37
37,37,38,37
37,38,37,37
38,38,38,38
37,38,38,38
38,38,38,38
38,38,38,38
38,38,38,38
39,38,39,38
38,38,38,38
38,39,38,39
39,38,39,38
38,38,38,39
39,39,39,39
39,38,38,38
38,39,38,39
39,38,39,39
38,38,38,39
39,39,39,39
39,38,39,38
38,39,38,39
39,39,39,39
38,39,39,38
39,39,38,39
39,38,39,39
38,39,38,39
39,38,39,39
38,39,39,38
39,39,38,39
39,38,39,39
38,39,39,38
39,39,39,39
38,38,39,38
39,39,38,39
39,38,39,39
38,39,39,38
39,39,39,39
38,38,39,38
39,39,39,39
39,38,39,39
38,39,38,39
39,39,39,39
38,39,39,38
39,39,38,39
39,38,39,39
38,39,38,38
39,39,39,39
38,39,39,39
39,39,38,39
38,38,39,39
39,39,38,39
39,39,39,39
38,39,39,38
39,39,38,39
38,39,39,39
39,39,38,39
38,38,39,39
38,39,39,39
39,38,38,39
38,39,39,39
39,39,38,39
39,38,39,39
39,39,39,38
39,38,38,39
38,39,39,38
39,39,38,39
39,38,39,39
38,39,38,39
39,39,39,39
39,38,39,38
39,39,39,39
39,38,39,39
38,39,38,39
39,39,39,39
39,38,39,38
39,39,38,39
39,38,39,39
38,39,39,38
39,39,39,39
39,38,39,39
39,39,38,39
39,38,39,39
39,39,39,38
39,39,39,39
38,39,39,38
39,39,38,39
39,38,39,39
38,39,39,38
39,39,39,39
39,38,39,39
38,39,39,39
39,39,39,39
38,39,39,39
39,39,38,39
39,38,39,39
39,39,38,39
39,39,39,39
38,39,39,38
39,39,39,39
38,39,39,39
39,39,38,39
39,39,39,39
38,39,39,38
39,39,38,39
39,39,39,39
39,39,39,39
39,39,39,39
38,39,39,38
39,39,38,39
38,39,39,39
39,39,38,39
39,38,39,39
38,39,39,38
39,39,38,39
39,38,39,39
38,39,38,39
39,39,39,39
39,38,39,39
39,39,39,39
39,38,39,39
38,39,38,39
39,39,39,39
39,38,39,38
39,39,38,39
39,39,39,39
38,39,39,39
39,39,38,39
39,38,39,39
39,39,38,39
39,38,39,39
38,39,39,38
39,39,39,39
39,39,39,39
39,39,38,38
39,39,39,39
39,39,39,38
39,39,39,39
39,38,39,39
38,39,38,38
39,39,39,39
38,39,39,39
39,39,38,39
39,39,39,39
38,39,39,39
39,39,39,39
38,39,39,38
39,39,38,39
39,38,39,39
39,39,39,39
39,39,39,39
38,39,39,39
39,39,38,39
39,39,39,39
39,39,39,39
39,39,39,39
38,39,39,39
39,39,38,39
39,38,39,39
39,39,39,39
39,38,39,39
39,39,39,39
39,39,38,39
38,39,39,39
39,39,38,39
38,39,39,39
39,39,39,39
39,38,38,39
38,39,39,39
39,39,38,39
39,39,39,39
39,39,39,38
39,39,39,39
39,39,39,39
39,39,39,39
39,39,39,39
39,39,39,39
39,39,39,39
38,39,39,38
39,39,39,39
39,39,39,39
39,39,38,39
39,39,39,39
38,39,39,39
39,39,38,39
39,39,39,39
38,39,39,39
39,39,38,39
38,39,39,39
39,39,39,39
39,39,39,39
38,39,39,39
39,39,38,39
39,39,39,39
39,39,38,39
39,38,39,39
38,39,39,39
39,39,38,39
39,39,39,39
38,39,39,39
39,39,39,39
38,39,39,38
39,39,38,39
39,38,39,39
39,39,39,39
39,38,39,39
39,39,39,38
39,39,38,39
39,39,39,39
39,39,39,38
39,38,38,39
38,39,39,39
39,39,38,39
38,39,39,39
39,39,38,39
39,39,39,39
38,39,39,38
39,39,38,39
39,39,39,39
39,39,38,39
39,39,39,39
38,39,39,38
39,39,39,39
39,39,39,39
38,39,38,39
39,39,39,39
39,39,39,38
39,39,38,39
39,38,39,39
39,39,38,39
39,39,39,39
39,38,39,39
39,39,39,39
39,39,39,39
38,39,39,39
39,39,38,39
39,38,39,39
39,39,39,38
39,39,39,39
38,39,39,38
39,39,38,39
39,38,39,39
39,39,39,38
39,39,39,39
38,39,39,39
39,39,38,39
39,39,39,39
39,39,39,38
39,39,39,39
38,39,39,39
39,39,38,39
39,39,39,39
39,39,39,39
39,39,39,39
39,39,39,39
39,39,38,39
39,39,39,39
39,39,39,38
39,39,39,39
38,39,39,38
39,39,39,39
39,39,39,39
39,39,39,38
39,39,39,39
39,39,39,39
39,39,39,39
39,39,39,39
39,39,39,39
39,39,38,39
39,39,39,39
39,39,39,39
39,39,39,39
39,39,39,39
38,39,39,39
39,39,39,38
39,38,38,39
38,39,39,39
39,39,39,39
39,39,39,39
38,39,39,38
39,39,39,39
39,39,39,38
39,39,39,39
39,38,39,39
38,39,38,39
39,39,39,39
39,39,39,39
39,39,38,39
39,39,39,39
39,39,39,39
39,39,38,39
39,38,39,39
39,39,39,38
39,38,39,39
39,39,39,39
39,39,39,39
39,39,39,39
39,39,38,39
39,39,39,39
39,39,39,38
39,39,39,39
39,39,39,39
39,39,38,39
39,39,39,39
39,39,39,39
39,39,38,39
39,38,39,39
39,39,39,39
39,39,39,39
38,39,39,39
39,39,38,39
38,39,39,39
39,39,39,38
39,38,39,39
38,39,39,39
39,39,38,39
38,39,39,39
39,39,39,38
39,38,39,39
38,39,39,39
39,39,38,39
39,39,39,39
39,39,39,39
39,39,39,39
38,39,39,39
39,39,38,39
39,38,39,39
38,39,38,39
39,39,39,39
39,39,39,38
39,39,38,39
39,38,39,39
38,39,39,38
39,39,39,39
39,39,39,39
39,39,38,39
39,39,39,39
38,39,39,39
39,39,38,39
39,39,39,39
39,39,38,38
39,39,39,39
38,39,39,39
39,39,38,39
39,39,39,39
39,39,39,38
39,39,39,39
38,39,39,39
39,39,38,39
39,38,39,39
39,39,39,38
39,39,39,39
38,39,39,38
39,39,38,39
39,38,39,39
39,39,39,38
39,39,38,39
39,39,39,39
39,39,38,39
39,38,39,39
39,39,39,39
39,39,38,39
38,39,39,39
39,39,38,39
39,38,39,39
39,39,39,38
39,39,38,39
38,39,39,39
39,39,38,39
39,39,39,39
39,39,39,38
39,38,39,39
39,39,39,39
39,39,38,39
38,39,39,39
39,39,39,38
39,39,39,39
39,39,39,39
39,39,38,39
39,39,39,39
39,39,39,39
38,39,39,39
39,39,39,38
39,38,39,39
39,39,39,39
39,39,38,39
39,38,39,39
38,39,38,38
39,39,39,39
38,39,39,38
39,39,38,39
39,38,39,39
38,39,39,38
39,39,39,39
39,39,39,38
39,39,38,39
39,38,39,39
38,39,39,38
39,39,38,39
39,38,39,39
39,39,38,38
39,39,39,39
39,39,39,39
39,39,39,39
38,39,39,39
39,39,38,38
39,39,39,39
39,39,39,38
39,39,38,39
39,38,39,39
39,39,39,39
39,39,39,39
39,39,39,38
39,39,39,39
38,38,39,39
39,39,38,39
39,39,39,39
39,39,39,38
39,39,38,39
38,39,39,39
39,39,39,38
39,39,38,39
39,39,39,39
39,39,38,39
38,39,39,39
39,39,39,38
39,39,39,39
38,39,39,38
39,39,38,39
39,39,39,39
39,39,39,38
39,39,39,39
38,39,39,39
39,39,38,39
39,38,39,39
39,39,39,38
39,39,39,39
39,39,39,38
39,39,38,39
39,39,39,39
38,39,38,38
39,39,39,39
39,39,39,38
39,39,38,39
39,39,39,39
38,39,39,38
39,39,38,39
39,39,39,39
39,39,39,38
39,39,39,39
38,39,39,39
39,39,38,39
39,39,39,39
39,39,38,38
39,39,38,39
38,39,39,39
39,39,38,39
39,39,39,39
39,39,39,38
39,38,39,39
39,39,39,39
39,39,39,39
39,38,39,39
39,39,39,38
39,39,39,39
39,39,39,38
39,39,38,39
38,39,39,39
39,39,39,38
39,38,38,39
39,39,39,39
39,39,39,39
39,38,39,39
39,39,39,38
39,39,39,39
39,39,39,38
39,39,38,39
38,39,39,39
39,39,39,38
39,39,39,39
39,39,39,39
39,39,38,39
39,39,39,39
39,39,39,38
38,39,39,39
39,39,39,39
39,39,38,39
39,39,39,39
39,39,38,38
39,39,39,39
39,39,39,38
39,39,39,39
38,39,39,39
39,39,38,39
39,38,39,39
39,39,39,39
39,39,39,39
38,39,39,38
39,39,38,39
39,38,39,39
39,39,39,39
39,39,39,39
38,39,39,39
39,39,39,38
39,38,39,39
39,39,39,38
39,39,38,39
38,39,39,39
39,39,38,39
39,39,39,39
39,39,39,38
39,39,38,39
38,39,39,39
39,39,38,39
39,38,39,39
38,39,39,38
39,39,38,39
39,39,39,39
39,39,38,38
39,38,39,39
39,39,39,39
39,39,38,39
38,39,39,39
39,39,39,39
39,39,39,39
39,39,39,38
39,39,38,39
38,39,39,39
39,39,39,38
39,38,38,39
39,39,39,39
39,39,38,39
39,39,39,39
39,39,39,39
39,38,39,39
39,39,39,38
39,39,38,39
39,38,39,39
39,39,38,39
39,39,39,39
38,39,39,38
39,39,39,39
39,38,39,39
38,39,38,39
39,39,39,39
38,39,39,38
39,39,38,39
39,39,39,39
38,39,38,39
39,39,39,39
39,38,39,39
39,39,39,38
39,39,39,39
38,39,39,38
39,39,38,39
39,39,39,39
39,39,39,38
39,38,39,39
38,39,39,38
39,39,38,39
39,39,39,39
39,39,39,38
39,39,39,39
38,39,39,39
39,39,38,39
39,39,39,39
39,39,39,39
39,39,38,39
38,39,39,38
39,39,38,39
39,39,39,39
39,39,39,39
39,39,38,39
38,39,39,39
39,39,38,39
39,39,39,39
39,39,39,38
39,39,39,39
38,39,39,39
39,39,38,39
38,39,39,39
39,39,39,39
39,38,39,39
39,39,39,38
39,39,38,39
38,39,39,39
39,39,39,39
38,39,39,39
39,39,39,39
39,38,38,39
39,39,39,39
39,39,39,38
38,39,39,39
39,39,39,38
39,38,38,39
39,39,39,39
39,39,39,39
39,39,39,39
39,39,39,38
39,39,39,39
39,39,39,38
39,39,39,39
39,39,39,39
39,39,38,39
39,39,39,39
39,39,39,39
39,39,38,39
39,38,39,39
39,39,39,39
39,39,38,39
39,38,39,39
39,39,39,39
39,39,39,39
38,39,39,38
39,39,38,39
38,39,39,39
39,39,39,38
39,39,39,39
39,39,39,39
39,39,39,39
38,38,39,39
39,39,39,39
39,38,39,39
38,39,39,39
39,39,38,39
38,39,39,39
39,39,39,38
39,38,39,39
38,39,39,38
39,39,38,39
38,39,39,39
39,39,38,39
39,38,39,39
39,39,39,39
39,39,38,39
38,39,39,39
39,39,39,39
39,38,39,39
39,39,39,39
39,39,38,39
38,39,39,39
39,39,39,39
39,38,39,39
38,39,39,39
39,39,38,39
39,39,39,39
39,39,38,39
39,39,39,39
39,39,39,38
39,39,39,39
39,38,39,39
38,39,39,38
39,39,39,39
39,39,39,38
39,39,38,39
39,39,39,39
38,39,39,38
39,39,39,39
38,39,39,39
39,39,39,38
39,39,39,39
38,39,39,39
39,39,38,39
38,39,39,39
39,39,39,39
39,38,39,39
38,39,39,39
39,39,39,39
39,39,39,39
39,39,39,38
39,39,39,39
38,39,39,38
39,39,39,39
39,38,39,39
39,39,39,38
39,39,39,39
39,39,39,39
39,39,38,39
38,39,39,39
39,39,39,38
39,38,39,39
38,39,39,39
39,39,38,39
39,39,39,39
39,39,39,38
39,38,39,39
38,39,39,39
39,39,38,39
38,39,39,39
39,39,39,38
38,38,39,39
39,39,39,39
39,39,38,39
39,39,39,39
39,39,39,38
38,39,39,39
39,39,39,39
39,39,38,39
39,39,39,39
39,39,38,39
38,39,39,39
39,39,39,39
39,38,39,39
38,39,39,39
39,39,38,39
39,38,39,39
39,39,39,39
39,39,39,39
38,39,39,38
39,39,38,39
39,38,39,39
39,39,39,38
39,39,39,39
38,39,39,39
39,39,39,39
39,38,39,39
39,39,39,38
39,39,38,39
38,39,39,39
39,39,39,39
39,39,39,39
39,39,39,38
39,39,38,39
38,39,39,39
39,39,38,39
39,38,39,39
38,39,39,39
39,39,38,39
38,39,39,39
39,39,39,38
39,38,39,39
38,39,39,39
39,39,38,39
38,39,39,39
39,39,39,39
38,38,39,39
39,39,39,39
39,38,38,39
38,39,39,39
39,39,39,38
38,38,39,39
39,39,39,39
39,38,38,39
38,39,39,39
39,39,39,39
39,39,39,39
38,39,39,38
39,39,39,39
38,39,39,39
39,39,39,39
39,38,39,39
38,39,39,38
39,39,38,39
39,38,39,39
38,39,39,39
39,38,39,39
38,39,39,39
39,39,38,39
39,38,39,39
38,39,39,39
39,39,39,39
38,38,39,39
39,39,39,39
39,38,39,39
39,39,39,39
39,38,38,39
38,38,39,39
39,39,39,39
39,38,39,39
38,39,39,39
39,39,38,39
38,39,39,39
39,39,39,38
39,39,38,39
38,39,39,39
39,39,38,39
38,39,39,39
39,39,38,39
39,38,38,39
38,39,39,39
39,39,38,39
38,39,39,39
39,39,39,39
39,38,39,39
38,39,39,39
39,39,39,39
38,39,39,39
39,39,39,39
39,38,39,39
38,39,39,39
39,39,39,39
38,39,39,39
39,39,39,38
39,38,39,39
39,39,39,39
39,39,38,39
38,39,39,39
39,39,39,39
38,39,39,39
39,39,39,39
39,39,38,39
39,39,39,39
39,39,39,38
38,39,39,39
39,39,39,39
38,39,38,39
39,39,39,39
39,39,38,39
39,39,39,39
39,39,39,38
39,39,39,39
38,39,39,39
39,39,38,39
38,39,39,39
39,39,39,39
39,38,39,39
38,39,39,39
39,39,38,39
39,38,39,39
39,39,39,38
39,39,38,39
38,39,39,39
39,39,39,38
39,38,39,39
39,39,39,39
39,39,38,39
38,39,39,39
39,39,39,39
39,38,39,39
39,39,39,39
39,39,38,39
38,39,39,39
39,39,39,39
39,38,39,39
38,39,39,39
39,39,38,39
38,39,39,39
39,39,39,39
39,38,39,39
39,39,39,38
39,39,39,39
38,39,39,39
39,39,39,39
39,38,39,39
39,39,39,39
39,38,38,39
39,39,39,39
39,39,39,39
39,39,39,39
39,39,39,39
39,39,38,39
38,39,39,39
39,39,38,38
39,38,39,39
39,39,39,39
39,39,38,39
39,39,39,39
39,39,38,39
39,39,39,39
38,39,39,39
39,39,38,39
39,39,39,39
39,39,39,39
39,39,39,39
38,39,39,39
39,39,39,39
39,38,39,39
39,39,39,39
39,39,38,39
38,39,39,39
39,39,39,39
39,38,38,39
39,39,39,39
39,39,38,39
38,39,39,39
39,39,39,38
39,38,39,39
39,39,39,39
39,39,38,39
38,39,39,39
39,39,39,38
39,39,39,39
38,39,39,39
39,39,38,39
39,39,39,39
39,39,39,38
39,38,39,39
38,39,39,39
39,39,38,39
38,39,39,39
39,39,39,38
39,38,39,39
39,39,39,39
39,39,39,39
38,39,39,39
39,39,39,39
39,38,38,39
38,39,39,39
39,39,39,39
38,39,39,39
39,39,39,38
38,39,39,39
39,39,39,39
39,38,38,39
38,39,39,39
39,38,39,38
38,39,39,39
39,39,39,39
38,38,38,39
39,39,39,39
39,39,39,38
38,39,39,39
39,39,39,39
38,38,39,39
39,39,39,39
39,39,39,39
39,39,39,39
39,39,39,39
39,38,39,39
38,39,39,39
39,39,39,39
38,39,39,39
39,39,39,39
39,38,39,39
38,39,39,39
39,39,38,39
39,39,39,39
39,39,39,39
39,38,39,39
38,39,39,39
39,39,39,38
39,38,39,39
39,39,39,39
39,39,38,39
38,39,39,39
39,39,39,39
39,38,39,39
39,39,39,38
39,38,39,39
39,39,39,39
39,39,39,38
39,39,39,39
39,39,39,39
39,39,38,39
38,39,39,39
39,39,39,39
38,39,39,39
39,39,39,39
39,38,38,39
38,39,39,39
39,39,39,39
38,39,39,39
39,39,39,39
39,38,38,39
39,39,39,39
39,39,39,38
38,39,39,39
39,39,39,39
,,,
,,,
,,,
,,,
